date,hometeam,awayteam,fthg,ftag,hs,as,hst,ast,hc,ac,match_result,result_numeric,goal_difference,total_goals,season,league
2018-08-24,Bayern Munich,Hoffenheim,3,1,16.0,8.0,5.0,5.0,7.0,2.0,H,1,2,4,2019,Bundesliga 2018 
2018-08-25,Fortuna Dusseldorf,Augsburg,1,2,9.0,14.0,5.0,7.0,7.0,5.0,A,2,-1,3,2019,Bundesliga 2018 
2018-08-25,Freiburg,Ein Frankfurt,0,2,22.0,10.0,6.0,2.0,6.0,4.0,A,2,-2,2,2019,Bundesliga 2018 
2018-08-25,Hertha,Nurnberg,1,0,10.0,12.0,3.0,3.0,8.0,4.0,H,1,1,1,2019,Bundesliga 2018 
2018-08-25,M'gladbach,Leverkusen,2,0,17.0,13.0,7.0,3.0,9.0,5.0,H,1,2,2,2019,Bundesliga 2018 
2018-08-25,Werder Bremen,Hannover,1,1,15.0,13.0,3.0,4.0,4.0,3.0,D,0,0,2,2019,Bundesliga 2018 
2018-08-25,Wolfsburg,Schalke 04,2,1,11.0,9.0,7.0,4.0,7.0,2.0,H,1,1,3,2019,Bundesliga 2018 
2018-08-26,Dortmund,RB Leipzig,4,1,10.0,10.0,5.0,7.0,7.0,9.0,H,1,3,5,2019,Bundesliga 2018 
2018-08-26,Mainz,Stuttgart,1,0,8.0,12.0,3.0,3.0,6.0,3.0,H,1,1,1,2019,Bundesliga 2018 
2018-08-31,Hannover,Dortmund,0,0,7.0,8.0,0.0,3.0,4.0,1.0,D,0,0,0,2019,Bundesliga 2018 
2018-09-01,Augsburg,M'gladbach,1,1,18.0,7.0,7.0,2.0,9.0,4.0,D,0,0,2,2019,Bundesliga 2018 
2018-09-01,Ein Frankfurt,Werder Bremen,1,2,5.0,11.0,1.0,6.0,8.0,3.0,A,2,-1,3,2019,Bundesliga 2018 
2018-09-01,Hoffenheim,Freiburg,3,1,20.0,9.0,7.0,4.0,6.0,4.0,H,1,2,4,2019,Bundesliga 2018 
2018-09-01,Leverkusen,Wolfsburg,1,3,16.0,12.0,3.0,5.0,5.0,3.0,A,2,-2,4,2019,Bundesliga 2018 
2018-09-01,Nurnberg,Mainz,1,1,19.0,6.0,4.0,1.0,5.0,1.0,D,0,0,2,2019,Bundesliga 2018 
2018-09-01,Stuttgart,Bayern Munich,0,3,4.0,20.0,0.0,6.0,0.0,12.0,A,2,-3,3,2019,Bundesliga 2018 
2018-09-02,RB Leipzig,Fortuna Dusseldorf,1,1,23.0,14.0,7.0,8.0,3.0,3.0,D,0,0,2,2019,Bundesliga 2018 
2018-09-02,Schalke 04,Hertha,0,2,16.0,5.0,4.0,3.0,9.0,0.0,A,2,-2,2,2019,Bundesliga 2018 
2018-09-14,Dortmund,Ein Frankfurt,3,1,10.0,5.0,6.0,2.0,7.0,1.0,H,1,2,4,2019,Bundesliga 2018 
2018-09-15,Bayern Munich,Leverkusen,3,1,18.0,3.0,5.0,1.0,9.0,1.0,H,1,2,4,2019,Bundesliga 2018 
2018-09-15,Fortuna Dusseldorf,Hoffenheim,2,1,8.0,18.0,4.0,5.0,0.0,9.0,H,1,1,3,2019,Bundesliga 2018 
2018-09-15,Mainz,Augsburg,2,1,22.0,13.0,7.0,4.0,5.0,4.0,H,1,1,3,2019,Bundesliga 2018 
2018-09-15,M'gladbach,Schalke 04,2,1,15.0,15.0,4.0,6.0,6.0,6.0,H,1,1,3,2019,Bundesliga 2018 
2018-09-15,RB Leipzig,Hannover,3,2,15.0,16.0,6.0,8.0,4.0,12.0,H,1,1,5,2019,Bundesliga 2018 
2018-09-15,Wolfsburg,Hertha,2,2,15.0,9.0,6.0,5.0,7.0,2.0,D,0,0,4,2019,Bundesliga 2018 
2018-09-16,Freiburg,Stuttgart,3,3,12.0,11.0,5.0,6.0,5.0,8.0,D,0,0,6,2019,Bundesliga 2018 
2018-09-16,Werder Bremen,Nurnberg,1,1,14.0,11.0,2.0,2.0,4.0,7.0,D,0,0,2,2019,Bundesliga 2018 
2018-09-21,Stuttgart,Fortuna Dusseldorf,0,0,10.0,19.0,1.0,7.0,2.0,9.0,D,0,0,0,2019,Bundesliga 2018 
2018-09-22,Augsburg,Werder Bremen,2,3,21.0,12.0,7.0,7.0,7.0,4.0,A,2,-1,5,2019,Bundesliga 2018 
2018-09-22,Hertha,M'gladbach,4,2,16.0,17.0,7.0,4.0,8.0,7.0,H,1,2,6,2019,Bundesliga 2018 
2018-09-22,Hoffenheim,Dortmund,1,1,17.0,8.0,5.0,2.0,4.0,4.0,D,0,0,2,2019,Bundesliga 2018 
2018-09-22,Nurnberg,Hannover,2,0,14.0,9.0,6.0,3.0,9.0,3.0,H,1,2,2,2019,Bundesliga 2018 
2018-09-22,Schalke 04,Bayern Munich,0,2,10.0,14.0,2.0,7.0,0.0,8.0,A,2,-2,2,2019,Bundesliga 2018 
2018-09-22,Wolfsburg,Freiburg,1,3,17.0,12.0,9.0,8.0,7.0,7.0,A,2,-2,4,2019,Bundesliga 2018 
2018-09-23,Ein Frankfurt,RB Leipzig,1,1,8.0,9.0,5.0,2.0,4.0,2.0,D,0,0,2,2019,Bundesliga 2018 
2018-09-23,Leverkusen,Mainz,1,0,18.0,12.0,5.0,5.0,7.0,4.0,H,1,1,1,2019,Bundesliga 2018 
2018-09-25,Bayern Munich,Augsburg,1,1,16.0,12.0,8.0,4.0,8.0,4.0,D,0,0,2,2019,Bundesliga 2018 
2018-09-25,Freiburg,Schalke 04,1,0,15.0,15.0,4.0,3.0,3.0,3.0,H,1,1,1,2019,Bundesliga 2018 
2018-09-25,Hannover,Hoffenheim,1,3,17.0,17.0,8.0,9.0,8.0,5.0,A,2,-2,4,2019,Bundesliga 2018 
2018-09-25,Werder Bremen,Hertha,3,1,14.0,12.0,6.0,2.0,2.0,3.0,H,1,2,4,2019,Bundesliga 2018 
2018-09-26,Dortmund,Nurnberg,7,0,19.0,4.0,10.0,1.0,4.0,5.0,H,1,7,7,2019,Bundesliga 2018 
2018-09-26,Fortuna Dusseldorf,Leverkusen,1,2,16.0,6.0,4.0,3.0,7.0,5.0,A,2,-1,3,2019,Bundesliga 2018 
2018-09-26,Mainz,Wolfsburg,0,0,11.0,12.0,2.0,4.0,5.0,11.0,D,0,0,0,2019,Bundesliga 2018 
2018-09-26,M'gladbach,Ein Frankfurt,3,1,21.0,12.0,9.0,2.0,9.0,6.0,H,1,2,4,2019,Bundesliga 2018 
2018-09-26,RB Leipzig,Stuttgart,2,0,18.0,9.0,8.0,0.0,4.0,2.0,H,1,2,2,2019,Bundesliga 2018 
2018-09-28,Hertha,Bayern Munich,2,0,6.0,25.0,4.0,5.0,1.0,14.0,H,1,2,2,2019,Bundesliga 2018 
2018-09-29,Hoffenheim,RB Leipzig,1,2,13.0,18.0,6.0,7.0,4.0,8.0,A,2,-1,3,2019,Bundesliga 2018 
2018-09-29,Leverkusen,Dortmund,2,4,14.0,16.0,6.0,10.0,6.0,8.0,A,2,-2,6,2019,Bundesliga 2018 
2018-09-29,Nurnberg,Fortuna Dusseldorf,3,0,10.0,13.0,6.0,4.0,4.0,4.0,H,1,3,3,2019,Bundesliga 2018 
2018-09-29,Schalke 04,Mainz,1,0,15.0,15.0,2.0,5.0,4.0,5.0,H,1,1,1,2019,Bundesliga 2018 
2018-09-29,Stuttgart,Werder Bremen,2,1,18.0,14.0,5.0,3.0,6.0,8.0,H,1,1,3,2019,Bundesliga 2018 
2018-09-29,Wolfsburg,M'gladbach,2,2,13.0,10.0,3.0,3.0,6.0,3.0,D,0,0,4,2019,Bundesliga 2018 
2018-09-30,Augsburg,Freiburg,4,1,21.0,13.0,10.0,6.0,5.0,3.0,H,1,3,5,2019,Bundesliga 2018 
2018-09-30,Ein Frankfurt,Hannover,4,1,15.0,4.0,7.0,1.0,3.0,4.0,H,1,3,5,2019,Bundesliga 2018 
2018-10-05,Werder Bremen,Wolfsburg,2,0,15.0,10.0,5.0,4.0,7.0,5.0,H,1,2,2,2019,Bundesliga 2018 
2018-10-06,Bayern Munich,M'gladbach,0,3,14.0,7.0,3.0,3.0,1.0,3.0,A,2,-3,3,2019,Bundesliga 2018 
2018-10-06,Dortmund,Augsburg,4,3,20.0,12.0,8.0,6.0,9.0,6.0,H,1,1,7,2019,Bundesliga 2018 
2018-10-06,Fortuna Dusseldorf,Schalke 04,0,2,9.0,15.0,3.0,5.0,4.0,6.0,A,2,-2,2,2019,Bundesliga 2018 
2018-10-06,Hannover,Stuttgart,3,1,15.0,11.0,6.0,5.0,5.0,7.0,H,1,2,4,2019,Bundesliga 2018 
2018-10-06,Mainz,Hertha,0,0,23.0,11.0,3.0,1.0,5.0,6.0,D,0,0,0,2019,Bundesliga 2018 
2018-10-07,Freiburg,Leverkusen,0,0,7.0,14.0,1.0,0.0,3.0,4.0,D,0,0,0,2019,Bundesliga 2018 
2018-10-07,Hoffenheim,Ein Frankfurt,1,2,20.0,6.0,4.0,4.0,6.0,0.0,A,2,-1,3,2019,Bundesliga 2018 
2018-10-07,RB Leipzig,Nurnberg,6,0,18.0,3.0,8.0,0.0,6.0,1.0,H,1,6,6,2019,Bundesliga 2018 
2018-10-19,Ein Frankfurt,Fortuna Dusseldorf,7,1,21.0,10.0,13.0,5.0,5.0,1.0,H,1,6,8,2019,Bundesliga 2018 
2018-10-20,Augsburg,RB Leipzig,0,0,6.0,15.0,0.0,3.0,2.0,2.0,D,0,0,0,2019,Bundesliga 2018 
2018-10-20,Leverkusen,Hannover,2,2,19.0,9.0,7.0,7.0,9.0,5.0,D,0,0,4,2019,Bundesliga 2018 
2018-10-20,Nurnberg,Hoffenheim,1,3,7.0,20.0,2.0,12.0,1.0,7.0,A,2,-2,4,2019,Bundesliga 2018 
2018-10-20,Schalke 04,Werder Bremen,0,2,14.0,8.0,4.0,3.0,3.0,1.0,A,2,-2,2,2019,Bundesliga 2018 
2018-10-20,Stuttgart,Dortmund,0,4,13.0,12.0,5.0,4.0,10.0,2.0,A,2,-4,4,2019,Bundesliga 2018 
2018-10-20,Wolfsburg,Bayern Munich,1,3,8.0,13.0,1.0,11.0,2.0,9.0,A,2,-2,4,2019,Bundesliga 2018 
2018-10-21,Hertha,Freiburg,1,1,13.0,8.0,5.0,3.0,8.0,3.0,D,0,0,2,2019,Bundesliga 2018 
2018-10-21,M'gladbach,Mainz,4,0,16.0,13.0,8.0,4.0,4.0,6.0,H,1,4,4,2019,Bundesliga 2018 
2018-10-26,Freiburg,M'gladbach,3,1,13.0,11.0,7.0,2.0,3.0,10.0,H,1,2,4,2019,Bundesliga 2018 
2018-10-27,Dortmund,Hertha,2,2,19.0,10.0,5.0,4.0,8.0,2.0,D,0,0,4,2019,Bundesliga 2018 
2018-10-27,Fortuna Dusseldorf,Wolfsburg,0,3,8.0,18.0,1.0,6.0,4.0,9.0,A,2,-3,3,2019,Bundesliga 2018 
2018-10-27,Hannover,Augsburg,1,2,17.0,9.0,4.0,4.0,5.0,4.0,A,2,-1,3,2019,Bundesliga 2018 
2018-10-27,Hoffenheim,Stuttgart,4,0,22.0,6.0,10.0,0.0,6.0,3.0,H,1,4,4,2019,Bundesliga 2018 
2018-10-27,Mainz,Bayern Munich,1,2,6.0,21.0,1.0,5.0,2.0,7.0,A,2,-1,3,2019,Bundesliga 2018 
2018-10-28,Nurnberg,Ein Frankfurt,1,1,10.0,10.0,3.0,2.0,8.0,6.0,D,0,0,2,2019,Bundesliga 2018 
2018-10-28,RB Leipzig,Schalke 04,0,0,15.0,6.0,2.0,0.0,7.0,4.0,D,0,0,0,2019,Bundesliga 2018 
2018-10-28,Werder Bremen,Leverkusen,2,6,14.0,17.0,6.0,10.0,6.0,6.0,A,2,-4,8,2019,Bundesliga 2018 
2018-11-02,Stuttgart,Ein Frankfurt,0,3,10.0,15.0,0.0,7.0,1.0,3.0,A,2,-3,3,2019,Bundesliga 2018 
2018-11-03,Augsburg,Nurnberg,2,2,17.0,13.0,4.0,5.0,6.0,6.0,D,0,0,4,2019,Bundesliga 2018 
2018-11-03,Bayern Munich,Freiburg,1,1,24.0,10.0,6.0,1.0,14.0,2.0,D,0,0,2,2019,Bundesliga 2018 
2018-11-03,Hertha,RB Leipzig,0,3,12.0,25.0,5.0,11.0,3.0,7.0,A,2,-3,3,2019,Bundesliga 2018 
2018-11-03,Leverkusen,Hoffenheim,1,4,21.0,10.0,9.0,4.0,6.0,7.0,A,2,-3,5,2019,Bundesliga 2018 
2018-11-03,Schalke 04,Hannover,3,1,16.0,20.0,6.0,6.0,7.0,7.0,H,1,2,4,2019,Bundesliga 2018 
2018-11-03,Wolfsburg,Dortmund,0,1,13.0,12.0,3.0,1.0,6.0,14.0,A,2,-1,1,2019,Bundesliga 2018 
2018-11-04,Mainz,Werder Bremen,2,1,13.0,14.0,6.0,4.0,3.0,6.0,H,1,1,3,2019,Bundesliga 2018 
2018-11-04,M'gladbach,Fortuna Dusseldorf,3,0,21.0,13.0,7.0,6.0,10.0,4.0,H,1,3,3,2019,Bundesliga 2018 
2018-11-09,Hannover,Wolfsburg,2,1,10.0,19.0,4.0,9.0,3.0,5.0,H,1,1,3,2019,Bundesliga 2018 
2018-11-10,Dortmund,Bayern Munich,3,2,11.0,9.0,5.0,3.0,0.0,6.0,H,1,1,5,2019,Bundesliga 2018 
2018-11-10,Fortuna Dusseldorf,Hertha,4,1,20.0,11.0,9.0,5.0,2.0,6.0,H,1,3,5,2019,Bundesliga 2018 
2018-11-10,Freiburg,Mainz,1,3,15.0,12.0,4.0,9.0,3.0,4.0,A,2,-2,4,2019,Bundesliga 2018 
2018-11-10,Hoffenheim,Augsburg,2,1,18.0,22.0,7.0,7.0,6.0,6.0,H,1,1,3,2019,Bundesliga 2018 
2018-11-10,Nurnberg,Stuttgart,0,2,10.0,13.0,3.0,4.0,3.0,9.0,A,2,-2,2,2019,Bundesliga 2018 
2018-11-10,Werder Bremen,M'gladbach,1,3,20.0,16.0,5.0,6.0,9.0,5.0,A,2,-2,4,2019,Bundesliga 2018 
2018-11-11,Ein Frankfurt,Schalke 04,3,0,14.0,5.0,4.0,1.0,10.0,4.0,H,1,3,3,2019,Bundesliga 2018 
2018-11-11,RB Leipzig,Leverkusen,3,0,14.0,7.0,7.0,2.0,4.0,3.0,H,1,3,3,2019,Bundesliga 2018 
2018-11-23,Leverkusen,Stuttgart,2,0,17.0,10.0,4.0,2.0,6.0,9.0,H,1,2,2,2019,Bundesliga 2018 
2018-11-24,Augsburg,Ein Frankfurt,1,3,25.0,15.0,10.0,7.0,8.0,5.0,A,2,-2,4,2019,Bundesliga 2018 
2018-11-24,Bayern Munich,Fortuna Dusseldorf,3,3,17.0,9.0,5.0,5.0,9.0,2.0,D,0,0,6,2019,Bundesliga 2018 
2018-11-24,Hertha,Hoffenheim,3,3,23.0,13.0,8.0,6.0,8.0,5.0,D,0,0,6,2019,Bundesliga 2018 
2018-11-24,Mainz,Dortmund,1,2,15.0,11.0,7.0,7.0,6.0,5.0,A,2,-1,3,2019,Bundesliga 2018 
2018-11-24,Schalke 04,Nurnberg,5,2,20.0,12.0,10.0,6.0,7.0,2.0,H,1,3,7,2019,Bundesliga 2018 
2018-11-24,Wolfsburg,RB Leipzig,1,0,5.0,10.0,3.0,4.0,2.0,9.0,H,1,1,1,2019,Bundesliga 2018 
2018-11-25,Freiburg,Werder Bremen,1,1,23.0,19.0,9.0,8.0,6.0,3.0,D,0,0,2,2019,Bundesliga 2018 
2018-11-25,M'gladbach,Hannover,4,1,20.0,5.0,6.0,3.0,5.0,5.0,H,1,3,5,2019,Bundesliga 2018 
2018-11-30,Fortuna Dusseldorf,Mainz,0,1,20.0,15.0,7.0,3.0,12.0,5.0,A,2,-1,1,2019,Bundesliga 2018 
2018-12-01,Dortmund,Freiburg,2,0,11.0,5.0,4.0,1.0,2.0,3.0,H,1,2,2,2019,Bundesliga 2018 
2018-12-01,Hannover,Hertha,0,2,10.0,14.0,2.0,8.0,3.0,6.0,A,2,-2,2,2019,Bundesliga 2018 
2018-12-01,Hoffenheim,Schalke 04,1,1,20.0,13.0,7.0,5.0,4.0,10.0,D,0,0,2,2019,Bundesliga 2018 
2018-12-01,Stuttgart,Augsburg,1,0,13.0,17.0,3.0,4.0,3.0,8.0,H,1,1,1,2019,Bundesliga 2018 
2018-12-01,Werder Bremen,Bayern Munich,1,2,9.0,16.0,3.0,5.0,3.0,10.0,A,2,-1,3,2019,Bundesliga 2018 
2018-12-02,Ein Frankfurt,Wolfsburg,1,2,13.0,10.0,2.0,3.0,9.0,3.0,A,2,-1,3,2019,Bundesliga 2018 
2018-12-02,RB Leipzig,M'gladbach,2,0,14.0,7.0,6.0,4.0,5.0,4.0,H,1,2,2,2019,Bundesliga 2018 
2018-12-03,Nurnberg,Leverkusen,1,1,11.0,20.0,4.0,6.0,3.0,6.0,D,0,0,2,2019,Bundesliga 2018 
2018-12-07,Werder Bremen,Fortuna Dusseldorf,3,1,22.0,12.0,9.0,3.0,6.0,4.0,H,1,2,4,2019,Bundesliga 2018 
2018-12-08,Bayern Munich,Nurnberg,3,0,20.0,4.0,8.0,1.0,11.0,1.0,H,1,3,3,2019,Bundesliga 2018 
2018-12-08,Freiburg,RB Leipzig,3,0,12.0,15.0,9.0,4.0,3.0,12.0,H,1,3,3,2019,Bundesliga 2018 
2018-12-08,Hertha,Ein Frankfurt,1,0,7.0,18.0,4.0,4.0,5.0,9.0,H,1,1,1,2019,Bundesliga 2018 
2018-12-08,Leverkusen,Augsburg,1,0,21.0,13.0,7.0,1.0,4.0,2.0,H,1,1,1,2019,Bundesliga 2018 
2018-12-08,Schalke 04,Dortmund,1,2,6.0,10.0,3.0,3.0,3.0,1.0,A,2,-1,3,2019,Bundesliga 2018 
2018-12-08,Wolfsburg,Hoffenheim,2,2,10.0,19.0,3.0,6.0,6.0,4.0,D,0,0,4,2019,Bundesliga 2018 
2018-12-09,Mainz,Hannover,1,1,28.0,11.0,5.0,3.0,9.0,1.0,D,0,0,2,2019,Bundesliga 2018 
2018-12-09,M'gladbach,Stuttgart,3,0,23.0,7.0,7.0,2.0,7.0,4.0,H,1,3,3,2019,Bundesliga 2018 
2018-12-14,Nurnberg,Wolfsburg,0,2,11.0,10.0,0.0,4.0,6.0,3.0,A,2,-2,2,2019,Bundesliga 2018 
2018-12-15,Augsburg,Schalke 04,1,1,17.0,15.0,9.0,5.0,6.0,7.0,D,0,0,2,2019,Bundesliga 2018 
2018-12-15,Dortmund,Werder Bremen,2,1,16.0,9.0,9.0,5.0,4.0,10.0,H,1,1,3,2019,Bundesliga 2018 
2018-12-15,Fortuna Dusseldorf,Freiburg,2,0,20.0,6.0,8.0,2.0,4.0,1.0,H,1,2,2,2019,Bundesliga 2018 
2018-12-15,Hannover,Bayern Munich,0,4,3.0,32.0,0.0,14.0,0.0,14.0,A,2,-4,4,2019,Bundesliga 2018 
2018-12-15,Hoffenheim,M'gladbach,0,0,27.0,5.0,6.0,1.0,6.0,2.0,D,0,0,0,2019,Bundesliga 2018 
2018-12-15,Stuttgart,Hertha,2,1,9.0,15.0,4.0,3.0,5.0,5.0,H,1,1,3,2019,Bundesliga 2018 
2018-12-16,Ein Frankfurt,Leverkusen,2,1,17.0,12.0,7.0,6.0,10.0,7.0,H,1,1,3,2019,Bundesliga 2018 
2018-12-16,RB Leipzig,Mainz,4,1,17.0,11.0,7.0,5.0,6.0,2.0,H,1,3,5,2019,Bundesliga 2018 
2018-12-18,Fortuna Dusseldorf,Dortmund,2,1,8.0,11.0,3.0,3.0,2.0,2.0,H,1,1,3,2019,Bundesliga 2018 
2018-12-18,Hertha,Augsburg,2,2,17.0,8.0,7.0,2.0,3.0,2.0,D,0,0,4,2019,Bundesliga 2018 
2018-12-18,M'gladbach,Nurnberg,2,0,17.0,7.0,7.0,2.0,6.0,7.0,H,1,2,2,2019,Bundesliga 2018 
2018-12-18,Wolfsburg,Stuttgart,2,0,16.0,11.0,5.0,1.0,4.0,8.0,H,1,2,2,2019,Bundesliga 2018 
2018-12-19,Bayern Munich,RB Leipzig,1,0,10.0,8.0,4.0,2.0,5.0,5.0,H,1,1,1,2019,Bundesliga 2018 
2018-12-19,Freiburg,Hannover,1,1,14.0,18.0,7.0,3.0,5.0,2.0,D,0,0,2,2019,Bundesliga 2018 
2018-12-19,Mainz,Ein Frankfurt,2,2,17.0,12.0,6.0,4.0,3.0,2.0,D,0,0,4,2019,Bundesliga 2018 
2018-12-19,Schalke 04,Leverkusen,1,2,18.0,8.0,4.0,5.0,7.0,1.0,A,2,-1,3,2019,Bundesliga 2018 
2018-12-19,Werder Bremen,Hoffenheim,1,1,26.0,14.0,5.0,4.0,6.0,3.0,D,0,0,2,2019,Bundesliga 2018 
2018-12-21,Dortmund,M'gladbach,2,1,12.0,3.0,4.0,2.0,4.0,2.0,H,1,1,3,2019,Bundesliga 2018 
2018-12-22,Ein Frankfurt,Bayern Munich,0,3,10.0,9.0,3.0,7.0,3.0,4.0,A,2,-3,3,2019,Bundesliga 2018 
2018-12-22,Hannover,Fortuna Dusseldorf,0,1,17.0,13.0,3.0,6.0,4.0,6.0,A,2,-1,1,2019,Bundesliga 2018 
2018-12-22,Leverkusen,Hertha,3,1,15.0,13.0,7.0,8.0,4.0,5.0,H,1,2,4,2019,Bundesliga 2018 
2018-12-22,Nurnberg,Freiburg,0,1,16.0,7.0,3.0,3.0,12.0,3.0,A,2,-1,1,2019,Bundesliga 2018 
2018-12-22,RB Leipzig,Werder Bremen,3,2,11.0,15.0,5.0,6.0,4.0,4.0,H,1,1,5,2019,Bundesliga 2018 
2018-12-22,Stuttgart,Schalke 04,1,3,17.0,15.0,5.0,6.0,2.0,5.0,A,2,-2,4,2019,Bundesliga 2018 
2018-12-23,Augsburg,Wolfsburg,2,3,10.0,16.0,4.0,5.0,3.0,4.0,A,2,-1,5,2019,Bundesliga 2018 
2018-12-23,Hoffenheim,Mainz,1,1,28.0,12.0,7.0,5.0,9.0,2.0,D,0,0,2,2019,Bundesliga 2018 
2019-01-18,Hoffenheim,Bayern Munich,1,3,13.0,21.0,5.0,9.0,2.0,6.0,A,2,-2,4,2019,Bundesliga 2018 
2019-01-19,Augsburg,Fortuna Dusseldorf,1,2,13.0,11.0,6.0,3.0,5.0,3.0,A,2,-1,3,2019,Bundesliga 2018 
2019-01-19,Ein Frankfurt,Freiburg,3,1,9.0,21.0,4.0,7.0,5.0,5.0,H,1,2,4,2019,Bundesliga 2018 
2019-01-19,Hannover,Werder Bremen,0,1,10.0,23.0,1.0,13.0,7.0,8.0,A,2,-1,1,2019,Bundesliga 2018 
2019-01-19,Leverkusen,M'gladbach,0,1,22.0,7.0,10.0,3.0,10.0,3.0,A,2,-1,1,2019,Bundesliga 2018 
2019-01-19,RB Leipzig,Dortmund,0,1,12.0,8.0,5.0,4.0,6.0,7.0,A,2,-1,1,2019,Bundesliga 2018 
2019-01-19,Stuttgart,Mainz,2,3,28.0,14.0,8.0,4.0,13.0,8.0,A,2,-1,5,2019,Bundesliga 2018 
2019-01-20,Nurnberg,Hertha,1,3,14.0,16.0,3.0,8.0,4.0,4.0,A,2,-2,4,2019,Bundesliga 2018 
2019-01-20,Schalke 04,Wolfsburg,2,1,20.0,12.0,5.0,5.0,4.0,6.0,H,1,1,3,2019,Bundesliga 2018 
2019-01-25,Hertha,Schalke 04,2,2,11.0,14.0,4.0,7.0,3.0,6.0,D,0,0,4,2019,Bundesliga 2018 
2019-01-26,Dortmund,Hannover,5,1,18.0,11.0,9.0,3.0,6.0,3.0,H,1,4,6,2019,Bundesliga 2018 
2019-01-26,Freiburg,Hoffenheim,2,4,20.0,16.0,8.0,11.0,6.0,1.0,A,2,-2,6,2019,Bundesliga 2018 
2019-01-26,Mainz,Nurnberg,2,1,20.0,8.0,4.0,3.0,5.0,5.0,H,1,1,3,2019,Bundesliga 2018 
2019-01-26,M'gladbach,Augsburg,2,0,14.0,4.0,6.0,1.0,4.0,0.0,H,1,2,2,2019,Bundesliga 2018 
2019-01-26,Werder Bremen,Ein Frankfurt,2,2,18.0,8.0,9.0,4.0,8.0,3.0,D,0,0,4,2019,Bundesliga 2018 
2019-01-26,Wolfsburg,Leverkusen,0,3,10.0,23.0,4.0,14.0,5.0,6.0,A,2,-3,3,2019,Bundesliga 2018 
2019-01-27,Bayern Munich,Stuttgart,4,1,19.0,7.0,6.0,2.0,8.0,1.0,H,1,3,5,2019,Bundesliga 2018 
2019-01-27,Fortuna Dusseldorf,RB Leipzig,0,4,10.0,12.0,0.0,9.0,8.0,2.0,A,2,-4,4,2019,Bundesliga 2018 
2019-02-01,Hannover,RB Leipzig,0,3,5.0,19.0,1.0,8.0,0.0,7.0,A,2,-3,3,2019,Bundesliga 2018 
2019-02-02,Ein Frankfurt,Dortmund,1,1,12.0,13.0,7.0,4.0,6.0,4.0,D,0,0,2,2019,Bundesliga 2018 
2019-02-02,Hertha,Wolfsburg,0,1,11.0,8.0,4.0,4.0,3.0,7.0,A,2,-1,1,2019,Bundesliga 2018 
2019-02-02,Hoffenheim,Fortuna Dusseldorf,1,1,12.0,8.0,4.0,6.0,5.0,5.0,D,0,0,2,2019,Bundesliga 2018 
2019-02-02,Leverkusen,Bayern Munich,3,1,11.0,17.0,4.0,6.0,7.0,4.0,H,1,2,4,2019,Bundesliga 2018 
2019-02-02,Nurnberg,Werder Bremen,1,1,11.0,10.0,2.0,3.0,3.0,7.0,D,0,0,2,2019,Bundesliga 2018 
2019-02-02,Schalke 04,M'gladbach,0,2,9.0,16.0,1.0,9.0,1.0,6.0,A,2,-2,2,2019,Bundesliga 2018 
2019-02-03,Augsburg,Mainz,3,0,19.0,6.0,8.0,0.0,7.0,3.0,H,1,3,3,2019,Bundesliga 2018 
2019-02-03,Stuttgart,Freiburg,2,2,17.0,16.0,4.0,4.0,7.0,8.0,D,0,0,4,2019,Bundesliga 2018 
2019-02-08,Mainz,Leverkusen,1,5,15.0,18.0,2.0,7.0,4.0,4.0,A,2,-4,6,2019,Bundesliga 2018 
2019-02-09,Bayern Munich,Schalke 04,3,1,17.0,7.0,4.0,5.0,7.0,2.0,H,1,2,4,2019,Bundesliga 2018 
2019-02-09,Dortmund,Hoffenheim,3,3,16.0,14.0,7.0,6.0,7.0,8.0,D,0,0,6,2019,Bundesliga 2018 
2019-02-09,Freiburg,Wolfsburg,3,3,10.0,15.0,4.0,4.0,9.0,2.0,D,0,0,6,2019,Bundesliga 2018 
2019-02-09,Hannover,Nurnberg,2,0,18.0,9.0,8.0,1.0,4.0,4.0,H,1,2,2,2019,Bundesliga 2018 
2019-02-09,M'gladbach,Hertha,0,3,13.0,11.0,4.0,4.0,5.0,5.0,A,2,-3,3,2019,Bundesliga 2018 
2019-02-09,RB Leipzig,Ein Frankfurt,0,0,14.0,6.0,1.0,2.0,7.0,4.0,D,0,0,0,2019,Bundesliga 2018 
2019-02-10,Fortuna Dusseldorf,Stuttgart,3,0,15.0,15.0,6.0,2.0,5.0,4.0,H,1,3,3,2019,Bundesliga 2018 
2019-02-10,Werder Bremen,Augsburg,4,0,11.0,13.0,5.0,3.0,3.0,2.0,H,1,4,4,2019,Bundesliga 2018 
2019-02-15,Augsburg,Bayern Munich,2,3,8.0,17.0,2.0,8.0,1.0,9.0,A,2,-1,5,2019,Bundesliga 2018 
2019-02-16,Hertha,Werder Bremen,1,1,11.0,8.0,2.0,2.0,4.0,3.0,D,0,0,2,2019,Bundesliga 2018 
2019-02-16,Hoffenheim,Hannover,3,0,26.0,5.0,11.0,1.0,10.0,6.0,H,1,3,3,2019,Bundesliga 2018 
2019-02-16,Schalke 04,Freiburg,0,0,15.0,12.0,2.0,3.0,4.0,9.0,D,0,0,0,2019,Bundesliga 2018 
2019-02-16,Stuttgart,RB Leipzig,1,3,7.0,7.0,3.0,4.0,5.0,4.0,A,2,-2,4,2019,Bundesliga 2018 
2019-02-16,Wolfsburg,Mainz,3,0,16.0,12.0,6.0,4.0,4.0,7.0,H,1,3,3,2019,Bundesliga 2018 
2019-02-17,Ein Frankfurt,M'gladbach,1,1,12.0,14.0,3.0,5.0,8.0,7.0,D,0,0,2,2019,Bundesliga 2018 
2019-02-17,Leverkusen,Fortuna Dusseldorf,2,0,13.0,3.0,7.0,0.0,5.0,4.0,H,1,2,2,2019,Bundesliga 2018 
2019-02-18,Nurnberg,Dortmund,0,0,7.0,17.0,2.0,6.0,3.0,11.0,D,0,0,0,2019,Bundesliga 2018 
2019-02-22,Werder Bremen,Stuttgart,1,1,15.0,8.0,4.0,3.0,4.0,2.0,D,0,0,2,2019,Bundesliga 2018 
2019-02-23,Bayern Munich,Hertha,1,0,12.0,9.0,4.0,2.0,11.0,3.0,H,1,1,1,2019,Bundesliga 2018 
2019-02-23,Fortuna Dusseldorf,Nurnberg,2,1,19.0,5.0,7.0,2.0,7.0,3.0,H,1,1,3,2019,Bundesliga 2018 
2019-02-23,Freiburg,Augsburg,5,1,19.0,14.0,11.0,4.0,8.0,1.0,H,1,4,6,2019,Bundesliga 2018 
2019-02-23,Mainz,Schalke 04,3,0,21.0,10.0,6.0,3.0,1.0,3.0,H,1,3,3,2019,Bundesliga 2018 
2019-02-23,M'gladbach,Wolfsburg,0,3,15.0,5.0,5.0,3.0,12.0,1.0,A,2,-3,3,2019,Bundesliga 2018 
2019-02-24,Dortmund,Leverkusen,3,2,9.0,13.0,4.0,4.0,3.0,8.0,H,1,1,5,2019,Bundesliga 2018 
2019-02-24,Hannover,Ein Frankfurt,0,3,11.0,14.0,3.0,8.0,3.0,5.0,A,2,-3,3,2019,Bundesliga 2018 
2019-02-25,RB Leipzig,Hoffenheim,1,1,15.0,7.0,4.0,4.0,6.0,4.0,D,0,0,2,2019,Bundesliga 2018 
2019-03-01,Augsburg,Dortmund,2,1,9.0,18.0,4.0,8.0,1.0,4.0,H,1,1,3,2019,Bundesliga 2018 
2019-03-02,Ein Frankfurt,Hoffenheim,3,2,18.0,20.0,10.0,7.0,4.0,3.0,H,1,1,5,2019,Bundesliga 2018 
2019-03-02,Hertha,Mainz,2,1,11.0,13.0,4.0,1.0,4.0,1.0,H,1,1,3,2019,Bundesliga 2018 
2019-03-02,Leverkusen,Freiburg,2,0,17.0,8.0,5.0,3.0,7.0,2.0,H,1,2,2,2019,Bundesliga 2018 
2019-03-02,M'gladbach,Bayern Munich,1,5,11.0,19.0,2.0,14.0,1.0,9.0,A,2,-4,6,2019,Bundesliga 2018 
2019-03-02,Nurnberg,RB Leipzig,0,1,7.0,12.0,1.0,5.0,5.0,8.0,A,2,-1,1,2019,Bundesliga 2018 
2019-03-02,Schalke 04,Fortuna Dusseldorf,0,4,7.0,13.0,2.0,5.0,1.0,1.0,A,2,-4,4,2019,Bundesliga 2018 
2019-03-03,Stuttgart,Hannover,5,1,14.0,3.0,8.0,1.0,7.0,0.0,H,1,4,6,2019,Bundesliga 2018 
2019-03-03,Wolfsburg,Werder Bremen,1,1,13.0,12.0,5.0,3.0,6.0,4.0,D,0,0,2,2019,Bundesliga 2018 
2019-03-08,Werder Bremen,Schalke 04,4,2,20.0,14.0,7.0,8.0,4.0,5.0,H,1,2,6,2019,Bundesliga 2018 
2019-03-09,Bayern Munich,Wolfsburg,6,0,22.0,4.0,12.0,1.0,7.0,2.0,H,1,6,6,2019,Bundesliga 2018 
2019-03-09,Dortmund,Stuttgart,3,1,18.0,7.0,8.0,1.0,7.0,1.0,H,1,2,4,2019,Bundesliga 2018 
2019-03-09,Freiburg,Hertha,2,1,10.0,16.0,4.0,6.0,3.0,6.0,H,1,1,3,2019,Bundesliga 2018 
2019-03-09,Mainz,M'gladbach,0,1,15.0,11.0,2.0,4.0,2.0,6.0,A,2,-1,1,2019,Bundesliga 2018 
2019-03-09,RB Leipzig,Augsburg,0,0,17.0,5.0,4.0,3.0,7.0,4.0,D,0,0,0,2019,Bundesliga 2018 
2019-03-10,Hannover,Leverkusen,2,3,11.0,15.0,5.0,5.0,6.0,6.0,A,2,-1,5,2019,Bundesliga 2018 
2019-03-10,Hoffenheim,Nurnberg,2,1,18.0,11.0,6.0,5.0,8.0,3.0,H,1,1,3,2019,Bundesliga 2018 
2019-03-11,Fortuna Dusseldorf,Ein Frankfurt,0,3,7.0,15.0,3.0,6.0,1.0,5.0,A,2,-3,3,2019,Bundesliga 2018 
2019-03-15,M'gladbach,Freiburg,1,1,13.0,10.0,2.0,2.0,10.0,6.0,D,0,0,2,2019,Bundesliga 2018 
2019-03-16,Augsburg,Hannover,3,1,22.0,13.0,10.0,4.0,2.0,3.0,H,1,2,4,2019,Bundesliga 2018 
2019-03-16,Hertha,Dortmund,2,3,7.0,25.0,4.0,8.0,4.0,10.0,A,2,-1,5,2019,Bundesliga 2018 
2019-03-16,Schalke 04,RB Leipzig,0,1,14.0,15.0,3.0,4.0,0.0,6.0,A,2,-1,1,2019,Bundesliga 2018 
2019-03-16,Stuttgart,Hoffenheim,1,1,13.0,21.0,2.0,8.0,4.0,9.0,D,0,0,2,2019,Bundesliga 2018 
2019-03-16,Wolfsburg,Fortuna Dusseldorf,5,2,19.0,18.0,10.0,6.0,7.0,5.0,H,1,3,7,2019,Bundesliga 2018 
2019-03-17,Bayern Munich,Mainz,6,0,22.0,7.0,11.0,1.0,13.0,2.0,H,1,6,6,2019,Bundesliga 2018 
2019-03-17,Ein Frankfurt,Nurnberg,1,0,24.0,9.0,4.0,3.0,8.0,3.0,H,1,1,1,2019,Bundesliga 2018 
2019-03-17,Leverkusen,Werder Bremen,1,3,15.0,10.0,2.0,5.0,10.0,3.0,A,2,-2,4,2019,Bundesliga 2018 
2019-03-29,Hoffenheim,Leverkusen,4,1,13.0,18.0,5.0,6.0,4.0,7.0,H,1,3,5,2019,Bundesliga 2018 
2019-03-30,Dortmund,Wolfsburg,2,0,11.0,7.0,5.0,3.0,5.0,4.0,H,1,2,2,2019,Bundesliga 2018 
2019-03-30,Fortuna Dusseldorf,M'gladbach,3,1,8.0,13.0,4.0,6.0,1.0,2.0,H,1,2,4,2019,Bundesliga 2018 
2019-03-30,Freiburg,Bayern Munich,1,1,12.0,26.0,5.0,8.0,1.0,7.0,D,0,0,2,2019,Bundesliga 2018 
2019-03-30,Nurnberg,Augsburg,3,0,12.0,14.0,4.0,3.0,4.0,4.0,H,1,3,3,2019,Bundesliga 2018 
2019-03-30,RB Leipzig,Hertha,5,0,21.0,6.0,9.0,0.0,6.0,3.0,H,1,5,5,2019,Bundesliga 2018 
2019-03-30,Werder Bremen,Mainz,3,1,8.0,12.0,4.0,5.0,7.0,8.0,H,1,2,4,2019,Bundesliga 2018 
2019-03-31,Ein Frankfurt,Stuttgart,3,0,11.0,10.0,5.0,3.0,5.0,5.0,H,1,3,3,2019,Bundesliga 2018 
2019-03-31,Hannover,Schalke 04,0,1,15.0,6.0,3.0,3.0,8.0,2.0,A,2,-1,1,2019,Bundesliga 2018 
2019-04-05,Mainz,Freiburg,5,0,9.0,17.0,5.0,5.0,2.0,7.0,H,1,5,5,2019,Bundesliga 2018 
2019-04-06,Bayern Munich,Dortmund,5,0,22.0,5.0,10.0,1.0,11.0,1.0,H,1,5,5,2019,Bundesliga 2018 
2019-04-06,Hertha,Fortuna Dusseldorf,1,2,13.0,13.0,3.0,7.0,2.0,6.0,A,2,-1,3,2019,Bundesliga 2018 
2019-04-06,Leverkusen,RB Leipzig,2,4,11.0,8.0,4.0,4.0,6.0,2.0,A,2,-2,6,2019,Bundesliga 2018 
2019-04-06,Schalke 04,Ein Frankfurt,1,2,6.0,16.0,4.0,5.0,3.0,6.0,A,2,-1,3,2019,Bundesliga 2018 
2019-04-06,Stuttgart,Nurnberg,1,1,14.0,19.0,4.0,6.0,12.0,5.0,D,0,0,2,2019,Bundesliga 2018 
2019-04-06,Wolfsburg,Hannover,3,1,13.0,11.0,5.0,4.0,9.0,2.0,H,1,2,4,2019,Bundesliga 2018 
2019-04-07,Augsburg,Hoffenheim,0,4,8.0,18.0,0.0,9.0,4.0,3.0,A,2,-4,4,2019,Bundesliga 2018 
2019-04-07,M'gladbach,Werder Bremen,1,1,15.0,12.0,3.0,6.0,7.0,1.0,D,0,0,2,2019,Bundesliga 2018 
2019-04-12,Nurnberg,Schalke 04,1,1,17.0,16.0,6.0,2.0,11.0,9.0,D,0,0,2,2019,Bundesliga 2018 
2019-04-13,Dortmund,Mainz,2,1,11.0,17.0,7.0,9.0,4.0,4.0,H,1,1,3,2019,Bundesliga 2018 
2019-04-13,Hannover,M'gladbach,0,1,12.0,18.0,5.0,9.0,3.0,12.0,A,2,-1,1,2019,Bundesliga 2018 
2019-04-13,RB Leipzig,Wolfsburg,2,0,21.0,6.0,10.0,2.0,9.0,3.0,H,1,2,2,2019,Bundesliga 2018 
2019-04-13,Stuttgart,Leverkusen,0,1,13.0,18.0,5.0,5.0,7.0,6.0,A,2,-1,1,2019,Bundesliga 2018 
2019-04-13,Werder Bremen,Freiburg,2,1,17.0,9.0,7.0,5.0,7.0,3.0,H,1,1,3,2019,Bundesliga 2018 
2019-04-14,Ein Frankfurt,Augsburg,1,3,17.0,18.0,4.0,6.0,8.0,2.0,A,2,-2,4,2019,Bundesliga 2018 
2019-04-14,Fortuna Dusseldorf,Bayern Munich,1,4,7.0,21.0,2.0,10.0,2.0,6.0,A,2,-3,5,2019,Bundesliga 2018 
2019-04-14,Hoffenheim,Hertha,2,0,30.0,5.0,7.0,2.0,9.0,3.0,H,1,2,2,2019,Bundesliga 2018 
2019-04-20,Augsburg,Stuttgart,6,0,24.0,14.0,13.0,4.0,9.0,4.0,H,1,6,6,2019,Bundesliga 2018 
2019-04-20,Bayern Munich,Werder Bremen,1,0,28.0,3.0,7.0,0.0,14.0,3.0,H,1,1,1,2019,Bundesliga 2018 
2019-04-20,Leverkusen,Nurnberg,2,0,20.0,5.0,9.0,1.0,11.0,1.0,H,1,2,2,2019,Bundesliga 2018 
2019-04-20,Mainz,Fortuna Dusseldorf,3,1,21.0,17.0,5.0,7.0,3.0,7.0,H,1,2,4,2019,Bundesliga 2018 
2019-04-20,M'gladbach,RB Leipzig,1,2,14.0,14.0,4.0,4.0,2.0,4.0,A,2,-1,3,2019,Bundesliga 2018 
2019-04-20,Schalke 04,Hoffenheim,2,5,15.0,11.0,5.0,6.0,6.0,1.0,A,2,-3,7,2019,Bundesliga 2018 
2019-04-21,Freiburg,Dortmund,0,4,9.0,10.0,2.0,6.0,5.0,3.0,A,2,-4,4,2019,Bundesliga 2018 
2019-04-21,Hertha,Hannover,0,0,16.0,13.0,3.0,5.0,5.0,8.0,D,0,0,0,2019,Bundesliga 2018 
2019-04-22,Wolfsburg,Ein Frankfurt,1,1,21.0,12.0,8.0,3.0,13.0,6.0,D,0,0,2,2019,Bundesliga 2018 
2019-04-26,Augsburg,Leverkusen,1,4,8.0,13.0,2.0,7.0,3.0,3.0,A,2,-3,5,2019,Bundesliga 2018 
2019-04-27,Dortmund,Schalke 04,2,4,8.0,8.0,2.0,4.0,2.0,4.0,A,2,-2,6,2019,Bundesliga 2018 
2019-04-27,Ein Frankfurt,Hertha,0,0,10.0,10.0,4.0,3.0,2.0,4.0,D,0,0,0,2019,Bundesliga 2018 
2019-04-27,Fortuna Dusseldorf,Werder Bremen,4,1,13.0,18.0,6.0,9.0,4.0,9.0,H,1,3,5,2019,Bundesliga 2018 
2019-04-27,Hannover,Mainz,1,0,7.0,23.0,3.0,4.0,4.0,7.0,H,1,1,1,2019,Bundesliga 2018 
2019-04-27,RB Leipzig,Freiburg,2,1,15.0,14.0,4.0,8.0,5.0,4.0,H,1,1,3,2019,Bundesliga 2018 
2019-04-27,Stuttgart,M'gladbach,1,0,13.0,17.0,6.0,4.0,2.0,7.0,H,1,1,1,2019,Bundesliga 2018 
2019-04-28,Hoffenheim,Wolfsburg,1,4,19.0,22.0,7.0,10.0,9.0,3.0,A,2,-3,5,2019,Bundesliga 2018 
2019-04-28,Nurnberg,Bayern Munich,1,1,9.0,18.0,4.0,6.0,5.0,5.0,D,0,0,2,2019,Bundesliga 2018 
2019-05-03,Mainz,RB Leipzig,3,3,14.0,15.0,6.0,5.0,6.0,4.0,D,0,0,6,2019,Bundesliga 2018 
2019-05-04,Bayern Munich,Hannover,3,1,27.0,2.0,14.0,1.0,11.0,0.0,H,1,2,4,2019,Bundesliga 2018 
2019-05-04,Hertha,Stuttgart,3,1,11.0,14.0,6.0,1.0,2.0,5.0,H,1,2,4,2019,Bundesliga 2018 
2019-05-04,M'gladbach,Hoffenheim,2,2,10.0,26.0,5.0,9.0,2.0,7.0,D,0,0,4,2019,Bundesliga 2018 
2019-05-04,Werder Bremen,Dortmund,2,2,14.0,21.0,4.0,8.0,4.0,8.0,D,0,0,4,2019,Bundesliga 2018 
2019-05-04,Wolfsburg,Nurnberg,2,0,10.0,12.0,4.0,3.0,4.0,5.0,H,1,2,2,2019,Bundesliga 2018 
2019-05-05,Freiburg,Fortuna Dusseldorf,1,1,9.0,16.0,3.0,3.0,5.0,4.0,D,0,0,2,2019,Bundesliga 2018 
2019-05-05,Leverkusen,Ein Frankfurt,6,1,17.0,4.0,11.0,2.0,1.0,4.0,H,1,5,7,2019,Bundesliga 2018 
2019-05-05,Schalke 04,Augsburg,0,0,14.0,7.0,3.0,3.0,7.0,4.0,D,0,0,0,2019,Bundesliga 2018 
2019-05-11,Augsburg,Hertha,3,4,5.0,24.0,3.0,8.0,1.0,9.0,A,2,-1,7,2019,Bundesliga 2018 
2019-05-11,Dortmund,Fortuna Dusseldorf,3,2,15.0,8.0,5.0,3.0,2.0,4.0,H,1,1,5,2019,Bundesliga 2018 
2019-05-11,Hannover,Freiburg,3,0,18.0,5.0,6.0,1.0,5.0,3.0,H,1,3,3,2019,Bundesliga 2018 
2019-05-11,Hoffenheim,Werder Bremen,0,1,19.0,11.0,3.0,6.0,1.0,4.0,A,2,-1,1,2019,Bundesliga 2018 
2019-05-11,Leverkusen,Schalke 04,1,1,18.0,8.0,5.0,3.0,4.0,4.0,D,0,0,2,2019,Bundesliga 2018 
2019-05-11,Nurnberg,M'gladbach,0,4,12.0,16.0,2.0,5.0,1.0,5.0,A,2,-4,4,2019,Bundesliga 2018 
2019-05-11,RB Leipzig,Bayern Munich,0,0,10.0,11.0,3.0,5.0,1.0,6.0,D,0,0,0,2019,Bundesliga 2018 
2019-05-11,Stuttgart,Wolfsburg,3,0,11.0,8.0,4.0,2.0,4.0,3.0,H,1,3,3,2019,Bundesliga 2018 
2019-05-12,Ein Frankfurt,Mainz,0,2,13.0,15.0,4.0,4.0,9.0,6.0,A,2,-2,2,2019,Bundesliga 2018 
2019-05-18,Bayern Munich,Ein Frankfurt,5,1,23.0,6.0,14.0,2.0,5.0,3.0,H,1,4,6,2019,Bundesliga 2018 
2019-05-18,Fortuna Dusseldorf,Hannover,2,1,15.0,14.0,7.0,3.0,2.0,7.0,H,1,1,3,2019,Bundesliga 2018 
2019-05-18,Freiburg,Nurnberg,5,1,18.0,14.0,8.0,5.0,4.0,2.0,H,1,4,6,2019,Bundesliga 2018 
2019-05-18,Hertha,Leverkusen,1,5,9.0,13.0,4.0,8.0,4.0,3.0,A,2,-4,6,2019,Bundesliga 2018 
2019-05-18,Mainz,Hoffenheim,4,2,22.0,19.0,12.0,7.0,8.0,5.0,H,1,2,6,2019,Bundesliga 2018 
2019-05-18,M'gladbach,Dortmund,0,2,7.0,12.0,0.0,3.0,2.0,2.0,A,2,-2,2,2019,Bundesliga 2018 
2019-05-18,Schalke 04,Stuttgart,0,0,12.0,16.0,3.0,8.0,7.0,5.0,D,0,0,0,2019,Bundesliga 2018 
2019-05-18,Werder Bremen,RB Leipzig,2,1,6.0,10.0,3.0,3.0,3.0,9.0,H,1,1,3,2019,Bundesliga 2018 
2019-05-18,Wolfsburg,Augsburg,8,1,18.0,12.0,10.0,4.0,6.0,5.0,H,1,7,9,2019,Bundesliga 2018 
