date,hometeam,awayteam,fthg,ftag,hs,as,hst,ast,hc,ac,match_result,result_numeric,goal_difference,total_goals,season,league
2022-08-05,Ein Frankfurt,Bayern Munich,1,6,8.0,23.0,2.0,10.0,5.0,6.0,A,2,-5,7,2023,Bundesliga 2022 
2022-08-06,Augsburg,Freiburg,0,4,10.0,19.0,2.0,7.0,5.0,8.0,A,2,-4,4,2023,Bundesliga 2022 
2022-08-06,Bochum,Mainz,1,2,16.0,13.0,3.0,6.0,3.0,5.0,A,2,-1,3,2023,Bundesliga 2022 
2022-08-06,M'gladbach,Hoffenheim,3,1,18.0,2.0,8.0,1.0,4.0,2.0,H,1,2,4,2023,Bundesliga 2022 
2022-08-06,Union Berlin,Hertha,3,1,18.0,9.0,8.0,3.0,5.0,4.0,H,1,2,4,2023,Bundesliga 2022 
2022-08-06,Wolfsburg,Werder Bremen,2,2,13.0,10.0,3.0,5.0,2.0,5.0,D,0,0,4,2023,Bundesliga 2022 
2022-08-06,Dortmund,Leverkusen,1,0,13.0,8.0,4.0,3.0,3.0,3.0,H,1,1,1,2023,Bundesliga 2022 
2022-08-07,Stuttgart,RB Leipzig,1,1,11.0,27.0,2.0,9.0,1.0,9.0,D,0,0,2,2023,Bundesliga 2022 
2022-08-07,FC Koln,Schalke 04,3,1,30.0,6.0,10.0,2.0,9.0,1.0,H,1,2,4,2023,Bundesliga 2022 
2022-08-12,Freiburg,Dortmund,1,3,16.0,16.0,7.0,7.0,9.0,2.0,A,2,-2,4,2023,Bundesliga 2022 
2022-08-13,Hertha,Ein Frankfurt,1,1,11.0,11.0,5.0,1.0,4.0,5.0,D,0,0,2,2023,Bundesliga 2022 
2022-08-13,Hoffenheim,Bochum,3,2,24.0,11.0,13.0,5.0,8.0,2.0,H,1,1,5,2023,Bundesliga 2022 
2022-08-13,Leverkusen,Augsburg,1,2,23.0,6.0,10.0,4.0,7.0,3.0,A,2,-1,3,2023,Bundesliga 2022 
2022-08-13,RB Leipzig,FC Koln,2,2,9.0,12.0,5.0,3.0,2.0,7.0,D,0,0,4,2023,Bundesliga 2022 
2022-08-13,Werder Bremen,Stuttgart,2,2,5.0,14.0,3.0,7.0,2.0,5.0,D,0,0,4,2023,Bundesliga 2022 
2022-08-13,Schalke 04,M'gladbach,2,2,14.0,14.0,5.0,9.0,2.0,7.0,D,0,0,4,2023,Bundesliga 2022 
2022-08-14,Mainz,Union Berlin,0,0,10.0,10.0,5.0,2.0,4.0,4.0,D,0,0,0,2023,Bundesliga 2022 
2022-08-14,Bayern Munich,Wolfsburg,2,0,24.0,7.0,8.0,1.0,8.0,4.0,H,1,2,2,2023,Bundesliga 2022 
2022-08-19,M'gladbach,Hertha,1,0,11.0,18.0,6.0,5.0,5.0,5.0,H,1,1,1,2023,Bundesliga 2022 
2022-08-20,Augsburg,Mainz,1,2,6.0,14.0,2.0,7.0,3.0,3.0,A,2,-1,3,2023,Bundesliga 2022 
2022-08-20,Dortmund,Werder Bremen,2,3,5.0,14.0,3.0,7.0,3.0,5.0,A,2,-1,5,2023,Bundesliga 2022 
2022-08-20,Leverkusen,Hoffenheim,0,3,14.0,10.0,3.0,5.0,3.0,1.0,A,2,-3,3,2023,Bundesliga 2022 
2022-08-20,Stuttgart,Freiburg,0,1,18.0,9.0,5.0,3.0,3.0,1.0,A,2,-1,1,2023,Bundesliga 2022 
2022-08-20,Wolfsburg,Schalke 04,0,0,16.0,9.0,6.0,2.0,12.0,4.0,D,0,0,0,2023,Bundesliga 2022 
2022-08-20,Union Berlin,RB Leipzig,2,1,9.0,16.0,4.0,2.0,1.0,13.0,H,1,1,3,2023,Bundesliga 2022 
2022-08-21,Ein Frankfurt,FC Koln,1,1,10.0,6.0,3.0,2.0,5.0,9.0,D,0,0,2,2023,Bundesliga 2022 
2022-08-21,Bochum,Bayern Munich,0,7,13.0,22.0,7.0,12.0,5.0,5.0,A,2,-7,7,2023,Bundesliga 2022 
2022-08-26,Freiburg,Bochum,1,0,28.0,15.0,12.0,5.0,2.0,5.0,H,1,1,1,2023,Bundesliga 2022 
2022-08-27,Hertha,Dortmund,0,1,12.0,24.0,3.0,7.0,6.0,10.0,A,2,-1,1,2023,Bundesliga 2022 
2022-08-27,Hoffenheim,Augsburg,1,0,24.0,12.0,6.0,1.0,4.0,6.0,H,1,1,1,2023,Bundesliga 2022 
2022-08-27,Mainz,Leverkusen,0,3,17.0,7.0,3.0,5.0,3.0,4.0,A,2,-3,3,2023,Bundesliga 2022 
2022-08-27,RB Leipzig,Wolfsburg,2,0,16.0,9.0,7.0,4.0,8.0,4.0,H,1,2,2,2023,Bundesliga 2022 
2022-08-27,Schalke 04,Union Berlin,1,6,12.0,12.0,4.0,7.0,8.0,2.0,A,2,-5,7,2023,Bundesliga 2022 
2022-08-27,Bayern Munich,M'gladbach,1,1,35.0,5.0,20.0,3.0,14.0,1.0,D,0,0,2,2023,Bundesliga 2022 
2022-08-28,FC Koln,Stuttgart,0,0,6.0,13.0,2.0,5.0,6.0,8.0,D,0,0,0,2023,Bundesliga 2022 
2022-08-28,Werder Bremen,Ein Frankfurt,3,4,10.0,12.0,4.0,7.0,5.0,7.0,A,2,-1,7,2023,Bundesliga 2022 
2022-09-02,Dortmund,Hoffenheim,1,0,16.0,7.0,5.0,2.0,5.0,8.0,H,1,1,1,2023,Bundesliga 2022 
2022-09-03,Bochum,Werder Bremen,0,2,19.0,16.0,6.0,6.0,7.0,3.0,A,2,-2,2,2023,Bundesliga 2022 
2022-09-03,Leverkusen,Freiburg,2,3,15.0,5.0,6.0,3.0,8.0,4.0,A,2,-1,5,2023,Bundesliga 2022 
2022-09-03,Stuttgart,Schalke 04,1,1,13.0,13.0,3.0,4.0,5.0,7.0,D,0,0,2,2023,Bundesliga 2022 
2022-09-03,Union Berlin,Bayern Munich,1,1,10.0,21.0,3.0,6.0,5.0,7.0,D,0,0,2,2023,Bundesliga 2022 
2022-09-03,Wolfsburg,FC Koln,2,4,9.0,18.0,3.0,5.0,5.0,4.0,A,2,-2,6,2023,Bundesliga 2022 
2022-09-03,Ein Frankfurt,RB Leipzig,4,0,14.0,5.0,9.0,0.0,4.0,3.0,H,1,4,4,2023,Bundesliga 2022 
2022-09-04,Augsburg,Hertha,0,2,8.0,16.0,2.0,6.0,5.0,1.0,A,2,-2,2,2023,Bundesliga 2022 
2022-09-04,M'gladbach,Mainz,0,1,13.0,12.0,3.0,5.0,4.0,8.0,A,2,-1,1,2023,Bundesliga 2022 
2022-09-09,Werder Bremen,Augsburg,0,1,11.0,14.0,6.0,5.0,3.0,7.0,A,2,-1,1,2023,Bundesliga 2022 
2022-09-10,Bayern Munich,Stuttgart,2,2,18.0,8.0,7.0,3.0,3.0,0.0,D,0,0,4,2023,Bundesliga 2022 
2022-09-10,Ein Frankfurt,Wolfsburg,0,1,11.0,6.0,0.0,3.0,10.0,5.0,A,2,-1,1,2023,Bundesliga 2022 
2022-09-10,Hertha,Leverkusen,2,2,17.0,11.0,6.0,5.0,3.0,5.0,D,0,0,4,2023,Bundesliga 2022 
2022-09-10,Hoffenheim,Mainz,4,1,21.0,10.0,9.0,2.0,7.0,5.0,H,1,3,5,2023,Bundesliga 2022 
2022-09-10,RB Leipzig,Dortmund,3,0,14.0,4.0,5.0,0.0,5.0,8.0,H,1,3,3,2023,Bundesliga 2022 
2022-09-10,Schalke 04,Bochum,3,1,20.0,9.0,8.0,2.0,3.0,8.0,H,1,2,4,2023,Bundesliga 2022 
2022-09-11,FC Koln,Union Berlin,0,1,7.0,12.0,2.0,3.0,7.0,8.0,A,2,-1,1,2023,Bundesliga 2022 
2022-09-11,Freiburg,M'gladbach,0,0,13.0,14.0,8.0,5.0,7.0,6.0,D,0,0,0,2023,Bundesliga 2022 
2022-09-16,Mainz,Hertha,1,1,12.0,4.0,2.0,2.0,4.0,3.0,D,0,0,2,2023,Bundesliga 2022 
2022-09-17,Augsburg,Bayern Munich,1,0,9.0,21.0,4.0,7.0,2.0,8.0,H,1,1,1,2023,Bundesliga 2022 
2022-09-17,Dortmund,Schalke 04,1,0,19.0,3.0,7.0,0.0,11.0,2.0,H,1,1,1,2023,Bundesliga 2022 
2022-09-17,Leverkusen,Werder Bremen,1,1,19.0,19.0,7.0,7.0,9.0,6.0,D,0,0,2,2023,Bundesliga 2022 
2022-09-17,Stuttgart,Ein Frankfurt,1,3,15.0,13.0,2.0,8.0,7.0,4.0,A,2,-2,4,2023,Bundesliga 2022 
2022-09-17,M'gladbach,RB Leipzig,3,0,21.0,13.0,10.0,6.0,8.0,3.0,H,1,3,3,2023,Bundesliga 2022 
2022-09-18,Union Berlin,Wolfsburg,2,0,16.0,5.0,4.0,0.0,4.0,1.0,H,1,2,2,2023,Bundesliga 2022 
2022-09-18,Bochum,FC Koln,1,1,7.0,18.0,0.0,3.0,4.0,8.0,D,0,0,2,2023,Bundesliga 2022 
2022-09-18,Hoffenheim,Freiburg,0,0,10.0,14.0,3.0,4.0,5.0,3.0,D,0,0,0,2023,Bundesliga 2022 
2022-09-30,Bayern Munich,Leverkusen,4,0,20.0,10.0,10.0,5.0,6.0,2.0,H,1,4,4,2023,Bundesliga 2022 
2022-10-01,Ein Frankfurt,Union Berlin,2,0,14.0,14.0,4.0,5.0,4.0,7.0,H,1,2,2,2023,Bundesliga 2022 
2022-10-01,FC Koln,Dortmund,3,2,20.0,21.0,16.0,13.0,7.0,11.0,H,1,1,5,2023,Bundesliga 2022 
2022-10-01,Freiburg,Mainz,2,1,13.0,17.0,6.0,7.0,5.0,5.0,H,1,1,3,2023,Bundesliga 2022 
2022-10-01,RB Leipzig,Bochum,4,0,17.0,2.0,9.0,1.0,7.0,2.0,H,1,4,4,2023,Bundesliga 2022 
2022-10-01,Wolfsburg,Stuttgart,3,2,20.0,15.0,7.0,7.0,8.0,5.0,H,1,1,5,2023,Bundesliga 2022 
2022-10-01,Werder Bremen,M'gladbach,5,1,14.0,13.0,9.0,9.0,4.0,5.0,H,1,4,6,2023,Bundesliga 2022 
2022-10-02,Hertha,Hoffenheim,1,1,13.0,16.0,5.0,4.0,2.0,6.0,D,0,0,2,2023,Bundesliga 2022 
2022-10-02,Schalke 04,Augsburg,2,3,16.0,11.0,5.0,5.0,8.0,4.0,A,2,-1,5,2023,Bundesliga 2022 
2022-10-07,Hoffenheim,Werder Bremen,1,2,16.0,8.0,6.0,3.0,3.0,3.0,A,2,-1,3,2023,Bundesliga 2022 
2022-10-08,Augsburg,Wolfsburg,1,1,18.0,12.0,5.0,7.0,11.0,5.0,D,0,0,2,2023,Bundesliga 2022 
2022-10-08,Bochum,Ein Frankfurt,3,0,11.0,11.0,6.0,2.0,9.0,4.0,H,1,3,3,2023,Bundesliga 2022 
2022-10-08,Leverkusen,Schalke 04,4,0,13.0,2.0,7.0,1.0,3.0,3.0,H,1,4,4,2023,Bundesliga 2022 
2022-10-08,Mainz,RB Leipzig,1,1,9.0,12.0,3.0,3.0,4.0,2.0,D,0,0,2,2023,Bundesliga 2022 
2022-10-08,Dortmund,Bayern Munich,2,2,13.0,9.0,6.0,3.0,7.0,4.0,D,0,0,4,2023,Bundesliga 2022 
2022-10-09,M'gladbach,FC Koln,5,2,13.0,5.0,6.0,3.0,7.0,4.0,H,1,3,7,2023,Bundesliga 2022 
2022-10-09,Hertha,Freiburg,2,2,11.0,10.0,3.0,4.0,4.0,2.0,D,0,0,4,2023,Bundesliga 2022 
2022-10-09,Stuttgart,Union Berlin,0,1,9.0,7.0,3.0,4.0,2.0,5.0,A,2,-1,1,2023,Bundesliga 2022 
2022-10-14,Schalke 04,Hoffenheim,0,3,14.0,18.0,2.0,7.0,4.0,5.0,A,2,-3,3,2023,Bundesliga 2022 
2022-10-15,Ein Frankfurt,Leverkusen,5,1,20.0,5.0,11.0,2.0,7.0,1.0,H,1,4,6,2023,Bundesliga 2022 
2022-10-15,Stuttgart,Bochum,4,1,16.0,14.0,7.0,4.0,3.0,3.0,H,1,3,5,2023,Bundesliga 2022 
2022-10-15,Werder Bremen,Mainz,0,2,14.0,11.0,4.0,5.0,3.0,3.0,A,2,-2,2,2023,Bundesliga 2022 
2022-10-15,Wolfsburg,M'gladbach,2,2,16.0,10.0,4.0,5.0,7.0,6.0,D,0,0,4,2023,Bundesliga 2022 
2022-10-15,RB Leipzig,Hertha,3,2,14.0,16.0,5.0,5.0,8.0,4.0,H,1,1,5,2023,Bundesliga 2022 
2022-10-16,FC Koln,Augsburg,3,2,14.0,7.0,6.0,3.0,5.0,3.0,H,1,1,5,2023,Bundesliga 2022 
2022-10-16,Union Berlin,Dortmund,2,0,14.0,13.0,5.0,6.0,5.0,8.0,H,1,2,2,2023,Bundesliga 2022 
2022-10-16,Bayern Munich,Freiburg,5,0,18.0,6.0,8.0,0.0,5.0,5.0,H,1,5,5,2023,Bundesliga 2022 
2022-10-21,Mainz,FC Koln,5,0,15.0,6.0,7.0,2.0,5.0,4.0,H,1,5,5,2023,Bundesliga 2022 
2022-10-22,Augsburg,RB Leipzig,3,3,11.0,19.0,3.0,8.0,3.0,6.0,D,0,0,6,2023,Bundesliga 2022 
2022-10-22,Dortmund,Stuttgart,5,0,19.0,10.0,10.0,1.0,9.0,2.0,H,1,5,5,2023,Bundesliga 2022 
2022-10-22,Freiburg,Werder Bremen,2,0,25.0,10.0,7.0,2.0,6.0,2.0,H,1,2,2,2023,Bundesliga 2022 
2022-10-22,Hoffenheim,Bayern Munich,0,2,7.0,23.0,3.0,10.0,7.0,5.0,A,2,-2,2,2023,Bundesliga 2022 
2022-10-22,Leverkusen,Wolfsburg,2,2,13.0,9.0,5.0,3.0,3.0,3.0,D,0,0,4,2023,Bundesliga 2022 
2022-10-22,M'gladbach,Ein Frankfurt,1,3,8.0,16.0,3.0,5.0,3.0,2.0,A,2,-2,4,2023,Bundesliga 2022 
2022-10-23,Bochum,Union Berlin,2,1,8.0,6.0,5.0,3.0,3.0,7.0,H,1,1,3,2023,Bundesliga 2022 
2022-10-23,Hertha,Schalke 04,2,1,11.0,9.0,4.0,2.0,5.0,6.0,H,1,1,3,2023,Bundesliga 2022 
2022-10-28,Werder Bremen,Hertha,1,0,15.0,9.0,4.0,1.0,4.0,5.0,H,1,1,1,2023,Bundesliga 2022 
2022-10-29,Bayern Munich,Mainz,6,2,25.0,13.0,12.0,5.0,8.0,5.0,H,1,4,8,2023,Bundesliga 2022 
2022-10-29,RB Leipzig,Leverkusen,2,0,10.0,4.0,6.0,1.0,3.0,3.0,H,1,2,2,2023,Bundesliga 2022 
2022-10-29,Stuttgart,Augsburg,2,1,31.0,12.0,8.0,6.0,10.0,3.0,H,1,1,3,2023,Bundesliga 2022 
2022-10-29,Wolfsburg,Bochum,4,0,22.0,10.0,7.0,3.0,7.0,2.0,H,1,4,4,2023,Bundesliga 2022 
2022-10-29,Ein Frankfurt,Dortmund,1,2,20.0,8.0,8.0,2.0,4.0,3.0,A,2,-1,3,2023,Bundesliga 2022 
2022-10-30,Union Berlin,M'gladbach,2,1,14.0,7.0,5.0,3.0,6.0,5.0,H,1,1,3,2023,Bundesliga 2022 
2022-10-30,Schalke 04,Freiburg,0,2,12.0,19.0,3.0,9.0,4.0,8.0,A,2,-2,2,2023,Bundesliga 2022 
2022-10-30,FC Koln,Hoffenheim,1,1,11.0,9.0,3.0,4.0,5.0,4.0,D,0,0,2,2023,Bundesliga 2022 
2022-11-04,M'gladbach,Stuttgart,3,1,11.0,13.0,6.0,4.0,3.0,5.0,H,1,2,4,2023,Bundesliga 2022 
2022-11-05,Augsburg,Ein Frankfurt,1,2,9.0,12.0,5.0,7.0,3.0,6.0,A,2,-1,3,2023,Bundesliga 2022 
2022-11-05,Dortmund,Bochum,3,0,6.0,7.0,3.0,1.0,2.0,5.0,H,1,3,3,2023,Bundesliga 2022 
2022-11-05,Hertha,Bayern Munich,2,3,7.0,14.0,5.0,4.0,2.0,7.0,A,2,-1,5,2023,Bundesliga 2022 
2022-11-05,Hoffenheim,RB Leipzig,1,3,11.0,17.0,3.0,8.0,6.0,3.0,A,2,-2,4,2023,Bundesliga 2022 
2022-11-05,Mainz,Wolfsburg,0,3,16.0,10.0,3.0,3.0,9.0,4.0,A,2,-3,3,2023,Bundesliga 2022 
2022-11-05,Werder Bremen,Schalke 04,2,1,11.0,19.0,5.0,3.0,3.0,3.0,H,1,1,3,2023,Bundesliga 2022 
2022-11-06,Leverkusen,Union Berlin,5,0,11.0,6.0,8.0,1.0,1.0,5.0,H,1,5,5,2023,Bundesliga 2022 
2022-11-06,Freiburg,FC Koln,2,0,13.0,6.0,5.0,2.0,5.0,3.0,H,1,2,2,2023,Bundesliga 2022 
2022-11-08,Wolfsburg,Dortmund,2,0,15.0,20.0,8.0,6.0,6.0,9.0,H,1,2,2,2023,Bundesliga 2022 
2022-11-08,Bayern Munich,Werder Bremen,6,1,21.0,4.0,10.0,1.0,8.0,4.0,H,1,5,7,2023,Bundesliga 2022 
2022-11-08,Bochum,M'gladbach,2,1,13.0,8.0,4.0,2.0,6.0,3.0,H,1,1,3,2023,Bundesliga 2022 
2022-11-08,Stuttgart,Hertha,2,1,16.0,11.0,7.0,4.0,8.0,5.0,H,1,1,3,2023,Bundesliga 2022 
2022-11-09,FC Koln,Leverkusen,1,2,17.0,10.0,7.0,3.0,6.0,1.0,A,2,-1,3,2023,Bundesliga 2022 
2022-11-09,Ein Frankfurt,Hoffenheim,4,2,15.0,12.0,8.0,3.0,4.0,5.0,H,1,2,6,2023,Bundesliga 2022 
2022-11-09,RB Leipzig,Freiburg,3,1,18.0,4.0,8.0,2.0,6.0,2.0,H,1,2,4,2023,Bundesliga 2022 
2022-11-09,Schalke 04,Mainz,1,0,13.0,11.0,4.0,1.0,1.0,6.0,H,1,1,1,2023,Bundesliga 2022 
2022-11-09,Union Berlin,Augsburg,2,2,18.0,7.0,6.0,2.0,6.0,3.0,D,0,0,4,2023,Bundesliga 2022 
2022-11-11,M'gladbach,Dortmund,4,2,11.0,20.0,6.0,10.0,2.0,9.0,H,1,2,6,2023,Bundesliga 2022 
2022-11-12,Augsburg,Bochum,0,1,19.0,11.0,5.0,4.0,6.0,2.0,A,2,-1,1,2023,Bundesliga 2022 
2022-11-12,Hertha,FC Koln,2,0,17.0,10.0,8.0,2.0,10.0,5.0,H,1,2,2,2023,Bundesliga 2022 
2022-11-12,Hoffenheim,Wolfsburg,1,2,22.0,6.0,8.0,3.0,7.0,1.0,A,2,-1,3,2023,Bundesliga 2022 
2022-11-12,Leverkusen,Stuttgart,2,0,11.0,7.0,3.0,1.0,4.0,2.0,H,1,2,2,2023,Bundesliga 2022 
2022-11-12,Werder Bremen,RB Leipzig,1,2,7.0,14.0,5.0,3.0,0.0,4.0,A,2,-1,3,2023,Bundesliga 2022 
2022-11-12,Schalke 04,Bayern Munich,0,2,6.0,22.0,2.0,6.0,4.0,5.0,A,2,-2,2,2023,Bundesliga 2022 
2022-11-13,Mainz,Ein Frankfurt,1,1,19.0,10.0,6.0,3.0,5.0,2.0,D,0,0,2,2023,Bundesliga 2022 
2022-11-13,Freiburg,Union Berlin,4,1,7.0,4.0,5.0,2.0,2.0,1.0,H,1,3,5,2023,Bundesliga 2022 
2023-01-20,RB Leipzig,Bayern Munich,1,1,10.0,7.0,3.0,2.0,3.0,2.0,D,0,0,2,2023,Bundesliga 2022 
2023-01-21,Bochum,Hertha,3,1,10.0,10.0,3.0,2.0,1.0,6.0,H,1,2,4,2023,Bundesliga 2022 
2023-01-21,Ein Frankfurt,Schalke 04,3,0,11.0,18.0,3.0,4.0,5.0,4.0,H,1,3,3,2023,Bundesliga 2022 
2023-01-21,Stuttgart,Mainz,1,1,16.0,12.0,4.0,2.0,3.0,5.0,D,0,0,2,2023,Bundesliga 2022 
2023-01-21,Union Berlin,Hoffenheim,3,1,23.0,10.0,5.0,5.0,9.0,4.0,H,1,2,4,2023,Bundesliga 2022 
2023-01-21,Wolfsburg,Freiburg,6,0,13.0,9.0,11.0,1.0,0.0,5.0,H,1,6,6,2023,Bundesliga 2022 
2023-01-21,FC Koln,Werder Bremen,7,1,15.0,4.0,7.0,2.0,2.0,2.0,H,1,6,8,2023,Bundesliga 2022 
2023-01-22,Dortmund,Augsburg,4,3,27.0,14.0,10.0,4.0,7.0,3.0,H,1,1,7,2023,Bundesliga 2022 
2023-01-22,M'gladbach,Leverkusen,2,3,15.0,13.0,8.0,5.0,2.0,3.0,A,2,-1,5,2023,Bundesliga 2022 
2023-01-24,Schalke 04,RB Leipzig,1,6,9.0,21.0,1.0,14.0,1.0,6.0,A,2,-5,7,2023,Bundesliga 2022 
2023-01-24,Bayern Munich,FC Koln,1,1,22.0,2.0,7.0,1.0,9.0,4.0,D,0,0,2,2023,Bundesliga 2022 
2023-01-24,Hertha,Wolfsburg,0,5,8.0,15.0,2.0,7.0,6.0,4.0,A,2,-5,5,2023,Bundesliga 2022 
2023-01-24,Hoffenheim,Stuttgart,2,2,13.0,8.0,5.0,4.0,6.0,4.0,D,0,0,4,2023,Bundesliga 2022 
2023-01-25,Mainz,Dortmund,1,2,12.0,12.0,4.0,6.0,2.0,3.0,A,2,-1,3,2023,Bundesliga 2022 
2023-01-25,Augsburg,M'gladbach,1,0,14.0,7.0,4.0,2.0,3.0,2.0,H,1,1,1,2023,Bundesliga 2022 
2023-01-25,Freiburg,Ein Frankfurt,1,1,12.0,4.0,5.0,2.0,4.0,3.0,D,0,0,2,2023,Bundesliga 2022 
2023-01-25,Leverkusen,Bochum,2,0,11.0,9.0,4.0,2.0,3.0,4.0,H,1,2,2,2023,Bundesliga 2022 
2023-01-25,Werder Bremen,Union Berlin,1,2,8.0,11.0,3.0,5.0,5.0,7.0,A,2,-1,3,2023,Bundesliga 2022 
2023-01-27,RB Leipzig,Stuttgart,2,1,9.0,10.0,4.0,3.0,3.0,6.0,H,1,1,3,2023,Bundesliga 2022 
2023-01-28,Freiburg,Augsburg,3,1,15.0,16.0,9.0,4.0,3.0,7.0,H,1,2,4,2023,Bundesliga 2022 
2023-01-28,Hertha,Union Berlin,0,2,10.0,7.0,3.0,3.0,3.0,2.0,A,2,-2,2,2023,Bundesliga 2022 
2023-01-28,Hoffenheim,M'gladbach,1,4,15.0,10.0,5.0,5.0,4.0,3.0,A,2,-3,5,2023,Bundesliga 2022 
2023-01-28,Mainz,Bochum,5,2,14.0,14.0,7.0,4.0,3.0,2.0,H,1,3,7,2023,Bundesliga 2022 
2023-01-28,Werder Bremen,Wolfsburg,2,1,14.0,7.0,5.0,3.0,2.0,6.0,H,1,1,3,2023,Bundesliga 2022 
2023-01-28,Bayern Munich,Ein Frankfurt,1,1,14.0,7.0,6.0,1.0,7.0,6.0,D,0,0,2,2023,Bundesliga 2022 
2023-01-29,Schalke 04,FC Koln,0,0,15.0,7.0,2.0,0.0,7.0,7.0,D,0,0,0,2023,Bundesliga 2022 
2023-01-29,Leverkusen,Dortmund,0,2,20.0,6.0,7.0,2.0,8.0,4.0,A,2,-2,2,2023,Bundesliga 2022 
2023-02-03,Augsburg,Leverkusen,1,0,10.0,12.0,5.0,4.0,2.0,1.0,H,1,1,1,2023,Bundesliga 2022 
2023-02-04,Bochum,Hoffenheim,5,2,17.0,10.0,11.0,4.0,6.0,6.0,H,1,3,7,2023,Bundesliga 2022 
2023-02-04,Dortmund,Freiburg,5,1,24.0,6.0,8.0,3.0,14.0,0.0,H,1,4,6,2023,Bundesliga 2022 
2023-02-04,Ein Frankfurt,Hertha,3,0,10.0,13.0,4.0,3.0,7.0,1.0,H,1,3,3,2023,Bundesliga 2022 
2023-02-04,FC Koln,RB Leipzig,0,0,9.0,7.0,0.0,2.0,5.0,1.0,D,0,0,0,2023,Bundesliga 2022 
2023-02-04,Union Berlin,Mainz,2,1,9.0,9.0,5.0,2.0,5.0,5.0,H,1,1,3,2023,Bundesliga 2022 
2023-02-04,M'gladbach,Schalke 04,0,0,17.0,18.0,4.0,5.0,9.0,5.0,D,0,0,0,2023,Bundesliga 2022 
2023-02-05,Stuttgart,Werder Bremen,0,2,16.0,9.0,5.0,4.0,8.0,4.0,A,2,-2,2,2023,Bundesliga 2022 
2023-02-05,Wolfsburg,Bayern Munich,2,4,19.0,9.0,5.0,4.0,7.0,4.0,A,2,-2,6,2023,Bundesliga 2022 
2023-02-10,Schalke 04,Wolfsburg,0,0,17.0,8.0,5.0,2.0,9.0,3.0,D,0,0,0,2023,Bundesliga 2022 
2023-02-11,Bayern Munich,Bochum,3,0,25.0,7.0,12.0,1.0,6.0,3.0,H,1,3,3,2023,Bundesliga 2022 
2023-02-11,Freiburg,Stuttgart,2,1,9.0,14.0,5.0,3.0,4.0,3.0,H,1,1,3,2023,Bundesliga 2022 
2023-02-11,Hoffenheim,Leverkusen,1,3,11.0,12.0,6.0,5.0,5.0,8.0,A,2,-2,4,2023,Bundesliga 2022 
2023-02-11,Mainz,Augsburg,3,1,13.0,11.0,7.0,3.0,4.0,12.0,H,1,2,4,2023,Bundesliga 2022 
2023-02-11,Werder Bremen,Dortmund,0,2,8.0,17.0,3.0,9.0,3.0,7.0,A,2,-2,2,2023,Bundesliga 2022 
2023-02-11,RB Leipzig,Union Berlin,1,2,9.0,6.0,1.0,5.0,3.0,4.0,A,2,-1,3,2023,Bundesliga 2022 
2023-02-12,Hertha,M'gladbach,4,1,17.0,7.0,7.0,3.0,4.0,6.0,H,1,3,5,2023,Bundesliga 2022 
2023-02-12,FC Koln,Ein Frankfurt,3,0,9.0,7.0,4.0,1.0,3.0,9.0,H,1,3,3,2023,Bundesliga 2022 
2023-02-17,Augsburg,Hoffenheim,1,0,16.0,8.0,3.0,2.0,6.0,1.0,H,1,1,1,2023,Bundesliga 2022 
2023-02-18,Bochum,Freiburg,0,2,15.0,15.0,6.0,5.0,5.0,5.0,A,2,-2,2,2023,Bundesliga 2022 
2023-02-18,M'gladbach,Bayern Munich,3,2,17.0,13.0,7.0,4.0,4.0,0.0,H,1,1,5,2023,Bundesliga 2022 
2023-02-18,Stuttgart,FC Koln,3,0,18.0,11.0,7.0,4.0,3.0,6.0,H,1,3,3,2023,Bundesliga 2022 
2023-02-18,Wolfsburg,RB Leipzig,0,3,7.0,17.0,2.0,5.0,2.0,5.0,A,2,-3,3,2023,Bundesliga 2022 
2023-02-18,Ein Frankfurt,Werder Bremen,2,0,11.0,3.0,6.0,0.0,5.0,2.0,H,1,2,2,2023,Bundesliga 2022 
2023-02-19,Union Berlin,Schalke 04,0,0,9.0,6.0,4.0,2.0,6.0,4.0,D,0,0,0,2023,Bundesliga 2022 
2023-02-19,Dortmund,Hertha,4,1,12.0,15.0,5.0,8.0,3.0,4.0,H,1,3,5,2023,Bundesliga 2022 
2023-02-19,Leverkusen,Mainz,2,3,17.0,12.0,7.0,7.0,4.0,5.0,A,2,-1,5,2023,Bundesliga 2022 
2023-02-24,Mainz,M'gladbach,4,0,14.0,8.0,8.0,2.0,3.0,3.0,H,1,4,4,2023,Bundesliga 2022 
2023-02-25,FC Koln,Wolfsburg,0,2,11.0,6.0,5.0,4.0,10.0,2.0,A,2,-2,2,2023,Bundesliga 2022 
2023-02-25,Hertha,Augsburg,2,0,11.0,9.0,3.0,2.0,1.0,6.0,H,1,2,2,2023,Bundesliga 2022 
2023-02-25,Hoffenheim,Dortmund,0,1,13.0,23.0,4.0,11.0,12.0,11.0,A,2,-1,1,2023,Bundesliga 2022 
2023-02-25,RB Leipzig,Ein Frankfurt,2,1,10.0,8.0,5.0,4.0,2.0,6.0,H,1,1,3,2023,Bundesliga 2022 
2023-02-25,Werder Bremen,Bochum,3,0,12.0,9.0,6.0,2.0,2.0,0.0,H,1,3,3,2023,Bundesliga 2022 
2023-02-25,Schalke 04,Stuttgart,2,1,11.0,17.0,6.0,5.0,6.0,9.0,H,1,1,3,2023,Bundesliga 2022 
2023-02-26,Freiburg,Leverkusen,1,1,9.0,16.0,4.0,4.0,1.0,3.0,D,0,0,2,2023,Bundesliga 2022 
2023-02-26,Bayern Munich,Union Berlin,3,0,19.0,4.0,10.0,1.0,10.0,4.0,H,1,3,3,2023,Bundesliga 2022 
2023-03-03,Dortmund,RB Leipzig,2,1,8.0,14.0,3.0,6.0,4.0,6.0,H,1,1,3,2023,Bundesliga 2022 
2023-03-04,Augsburg,Werder Bremen,2,1,9.0,17.0,5.0,8.0,3.0,7.0,H,1,1,3,2023,Bundesliga 2022 
2023-03-04,Bochum,Schalke 04,0,2,6.0,9.0,4.0,5.0,4.0,4.0,A,2,-2,2,2023,Bundesliga 2022 
2023-03-04,Mainz,Hoffenheim,1,0,16.0,15.0,6.0,4.0,11.0,3.0,H,1,1,1,2023,Bundesliga 2022 
2023-03-04,M'gladbach,Freiburg,0,0,10.0,8.0,4.0,3.0,6.0,5.0,D,0,0,0,2023,Bundesliga 2022 
2023-03-04,Union Berlin,FC Koln,0,0,8.0,12.0,2.0,4.0,5.0,4.0,D,0,0,0,2023,Bundesliga 2022 
2023-03-04,Stuttgart,Bayern Munich,1,2,11.0,13.0,4.0,6.0,3.0,6.0,A,2,-1,3,2023,Bundesliga 2022 
2023-03-05,Leverkusen,Hertha,4,1,18.0,7.0,9.0,2.0,9.0,2.0,H,1,3,5,2023,Bundesliga 2022 
2023-03-05,Wolfsburg,Ein Frankfurt,2,2,13.0,10.0,8.0,2.0,4.0,5.0,D,0,0,4,2023,Bundesliga 2022 
2023-03-10,FC Koln,Bochum,0,2,11.0,9.0,5.0,3.0,10.0,1.0,A,2,-2,2,2023,Bundesliga 2022 
2023-03-11,Bayern Munich,Augsburg,5,3,24.0,13.0,9.0,6.0,8.0,5.0,H,1,2,8,2023,Bundesliga 2022 
2023-03-11,Ein Frankfurt,Stuttgart,1,1,10.0,9.0,1.0,5.0,3.0,2.0,D,0,0,2,2023,Bundesliga 2022 
2023-03-11,Hertha,Mainz,1,1,9.0,6.0,4.0,3.0,7.0,8.0,D,0,0,2,2023,Bundesliga 2022 
2023-03-11,RB Leipzig,M'gladbach,3,0,14.0,7.0,9.0,3.0,11.0,0.0,H,1,3,3,2023,Bundesliga 2022 
2023-03-11,Schalke 04,Dortmund,2,2,10.0,20.0,5.0,8.0,3.0,6.0,D,0,0,4,2023,Bundesliga 2022 
2023-03-12,Freiburg,Hoffenheim,2,1,9.0,12.0,3.0,1.0,2.0,2.0,H,1,1,3,2023,Bundesliga 2022 
2023-03-12,Werder Bremen,Leverkusen,2,3,12.0,13.0,6.0,5.0,2.0,3.0,A,2,-1,5,2023,Bundesliga 2022 
2023-03-12,Wolfsburg,Union Berlin,1,1,15.0,11.0,6.0,2.0,3.0,5.0,D,0,0,2,2023,Bundesliga 2022 
2023-03-17,M'gladbach,Werder Bremen,2,2,21.0,6.0,9.0,3.0,6.0,5.0,D,0,0,4,2023,Bundesliga 2022 
2023-03-18,Augsburg,Schalke 04,1,1,9.0,13.0,3.0,5.0,9.0,6.0,D,0,0,2,2023,Bundesliga 2022 
2023-03-18,Bochum,RB Leipzig,1,0,8.0,21.0,2.0,8.0,2.0,7.0,H,1,1,1,2023,Bundesliga 2022 
2023-03-18,Hoffenheim,Hertha,3,1,15.0,11.0,7.0,5.0,8.0,9.0,H,1,2,4,2023,Bundesliga 2022 
2023-03-18,Stuttgart,Wolfsburg,0,1,12.0,9.0,2.0,3.0,3.0,8.0,A,2,-1,1,2023,Bundesliga 2022 
2023-03-18,Dortmund,FC Koln,6,1,11.0,11.0,8.0,5.0,1.0,6.0,H,1,5,7,2023,Bundesliga 2022 
2023-03-19,Union Berlin,Ein Frankfurt,2,0,14.0,19.0,3.0,4.0,3.0,7.0,H,1,2,2,2023,Bundesliga 2022 
2023-03-19,Leverkusen,Bayern Munich,2,1,12.0,11.0,6.0,6.0,5.0,3.0,H,1,1,3,2023,Bundesliga 2022 
2023-03-19,Mainz,Freiburg,1,1,10.0,11.0,6.0,5.0,3.0,5.0,D,0,0,2,2023,Bundesliga 2022 
2023-03-31,Ein Frankfurt,Bochum,1,1,18.0,8.0,7.0,2.0,15.0,2.0,D,0,0,2,2023,Bundesliga 2022 
2023-04-01,Freiburg,Hertha,1,1,16.0,10.0,8.0,3.0,2.0,2.0,D,0,0,2,2023,Bundesliga 2022 
2023-04-01,RB Leipzig,Mainz,0,3,12.0,19.0,3.0,7.0,3.0,4.0,A,2,-3,3,2023,Bundesliga 2022 
2023-04-01,Schalke 04,Leverkusen,0,3,12.0,18.0,3.0,10.0,7.0,5.0,A,2,-3,3,2023,Bundesliga 2022 
2023-04-01,Union Berlin,Stuttgart,3,0,13.0,17.0,5.0,8.0,3.0,5.0,H,1,3,3,2023,Bundesliga 2022 
2023-04-01,Wolfsburg,Augsburg,2,2,23.0,5.0,5.0,2.0,4.0,7.0,D,0,0,4,2023,Bundesliga 2022 
2023-04-01,Bayern Munich,Dortmund,4,2,16.0,10.0,9.0,4.0,6.0,2.0,H,1,2,6,2023,Bundesliga 2022 
2023-04-02,FC Koln,M'gladbach,0,0,12.0,8.0,5.0,2.0,11.0,1.0,D,0,0,0,2023,Bundesliga 2022 
2023-04-02,Werder Bremen,Hoffenheim,1,2,12.0,8.0,5.0,2.0,1.0,6.0,A,2,-1,3,2023,Bundesliga 2022 
2023-04-08,Augsburg,FC Koln,1,3,13.0,11.0,1.0,5.0,6.0,1.0,A,2,-2,4,2023,Bundesliga 2022 
2023-04-08,Dortmund,Union Berlin,2,1,14.0,7.0,6.0,2.0,8.0,0.0,H,1,1,3,2023,Bundesliga 2022 
2023-04-08,Freiburg,Bayern Munich,0,1,10.0,23.0,2.0,8.0,2.0,6.0,A,2,-1,1,2023,Bundesliga 2022 
2023-04-08,Leverkusen,Ein Frankfurt,3,1,13.0,9.0,8.0,3.0,2.0,5.0,H,1,2,4,2023,Bundesliga 2022 
2023-04-08,Mainz,Werder Bremen,2,2,16.0,9.0,10.0,4.0,1.0,2.0,D,0,0,4,2023,Bundesliga 2022 
2023-04-08,Hertha,RB Leipzig,0,1,11.0,18.0,1.0,6.0,4.0,4.0,A,2,-1,1,2023,Bundesliga 2022 
2023-04-09,M'gladbach,Wolfsburg,2,0,13.0,9.0,6.0,2.0,5.0,8.0,H,1,2,2,2023,Bundesliga 2022 
2023-04-09,Bochum,Stuttgart,2,3,11.0,14.0,5.0,7.0,7.0,4.0,A,2,-1,5,2023,Bundesliga 2022 
2023-04-09,Hoffenheim,Schalke 04,2,0,15.0,10.0,4.0,3.0,9.0,8.0,H,1,2,2,2023,Bundesliga 2022 
2023-04-14,Schalke 04,Hertha,5,2,14.0,11.0,7.0,5.0,7.0,8.0,H,1,3,7,2023,Bundesliga 2022 
2023-04-15,Bayern Munich,Hoffenheim,1,1,22.0,4.0,7.0,3.0,13.0,4.0,D,0,0,2,2023,Bundesliga 2022 
2023-04-15,FC Koln,Mainz,1,1,12.0,5.0,4.0,1.0,3.0,3.0,D,0,0,2,2023,Bundesliga 2022 
2023-04-15,RB Leipzig,Augsburg,3,2,13.0,14.0,6.0,3.0,3.0,5.0,H,1,1,5,2023,Bundesliga 2022 
2023-04-15,Stuttgart,Dortmund,3,3,12.0,15.0,5.0,6.0,5.0,7.0,D,0,0,6,2023,Bundesliga 2022 
2023-04-15,Ein Frankfurt,M'gladbach,1,1,16.0,4.0,5.0,2.0,10.0,2.0,D,0,0,2,2023,Bundesliga 2022 
2023-04-16,Werder Bremen,Freiburg,1,2,13.0,6.0,5.0,3.0,5.0,2.0,A,2,-1,3,2023,Bundesliga 2022 
2023-04-16,Union Berlin,Bochum,1,1,10.0,14.0,2.0,8.0,5.0,7.0,D,0,0,2,2023,Bundesliga 2022 
2023-04-16,Wolfsburg,Leverkusen,0,0,11.0,13.0,3.0,4.0,2.0,6.0,D,0,0,0,2023,Bundesliga 2022 
2023-04-21,Augsburg,Stuttgart,1,1,4.0,6.0,1.0,3.0,1.0,3.0,D,0,0,2,2023,Bundesliga 2022 
2023-04-22,Bochum,Wolfsburg,1,5,23.0,15.0,6.0,7.0,10.0,3.0,A,2,-4,6,2023,Bundesliga 2022 
2023-04-22,Hertha,Werder Bremen,2,4,13.0,11.0,5.0,4.0,8.0,4.0,A,2,-2,6,2023,Bundesliga 2022 
2023-04-22,Hoffenheim,FC Koln,1,3,11.0,14.0,4.0,7.0,2.0,5.0,A,2,-2,4,2023,Bundesliga 2022 
2023-04-22,Mainz,Bayern Munich,3,1,13.0,11.0,4.0,2.0,2.0,7.0,H,1,2,4,2023,Bundesliga 2022 
2023-04-22,Dortmund,Ein Frankfurt,4,0,14.0,9.0,7.0,2.0,5.0,2.0,H,1,4,4,2023,Bundesliga 2022 
2023-04-23,Freiburg,Schalke 04,4,0,25.0,10.0,12.0,4.0,6.0,5.0,H,1,4,4,2023,Bundesliga 2022 
2023-04-23,Leverkusen,RB Leipzig,2,0,8.0,26.0,6.0,8.0,0.0,9.0,H,1,2,2,2023,Bundesliga 2022 
2023-04-23,M'gladbach,Union Berlin,0,1,8.0,14.0,4.0,4.0,2.0,2.0,A,2,-1,1,2023,Bundesliga 2022 
2023-04-28,Bochum,Dortmund,1,1,10.0,21.0,4.0,6.0,4.0,11.0,D,0,0,2,2023,Bundesliga 2022 
2023-04-29,Ein Frankfurt,Augsburg,1,1,7.0,9.0,1.0,3.0,5.0,7.0,D,0,0,2,2023,Bundesliga 2022 
2023-04-29,FC Koln,Freiburg,0,1,21.0,12.0,8.0,6.0,9.0,6.0,A,2,-1,1,2023,Bundesliga 2022 
2023-04-29,RB Leipzig,Hoffenheim,1,0,16.0,5.0,2.0,2.0,7.0,1.0,H,1,1,1,2023,Bundesliga 2022 
2023-04-29,Stuttgart,M'gladbach,2,1,18.0,9.0,5.0,4.0,5.0,8.0,H,1,1,3,2023,Bundesliga 2022 
2023-04-29,Union Berlin,Leverkusen,0,0,7.0,8.0,1.0,2.0,6.0,4.0,D,0,0,0,2023,Bundesliga 2022 
2023-04-29,Schalke 04,Werder Bremen,2,1,21.0,11.0,10.0,1.0,11.0,3.0,H,1,1,3,2023,Bundesliga 2022 
2023-04-30,Bayern Munich,Hertha,2,0,25.0,2.0,9.0,1.0,18.0,1.0,H,1,2,2,2023,Bundesliga 2022 
2023-04-30,Wolfsburg,Mainz,3,0,10.0,10.0,4.0,2.0,3.0,5.0,H,1,3,3,2023,Bundesliga 2022 
2023-05-05,Leverkusen,FC Koln,1,2,14.0,7.0,4.0,5.0,9.0,2.0,A,2,-1,3,2023,Bundesliga 2022 
2023-05-05,Mainz,Schalke 04,2,3,9.0,15.0,4.0,10.0,7.0,6.0,A,2,-1,5,2023,Bundesliga 2022 
2023-05-06,Augsburg,Union Berlin,1,0,11.0,12.0,3.0,4.0,3.0,7.0,H,1,1,1,2023,Bundesliga 2022 
2023-05-06,Freiburg,RB Leipzig,0,1,5.0,13.0,2.0,6.0,3.0,3.0,A,2,-1,1,2023,Bundesliga 2022 
2023-05-06,Hertha,Stuttgart,2,1,7.0,16.0,3.0,4.0,3.0,5.0,H,1,1,3,2023,Bundesliga 2022 
2023-05-06,Hoffenheim,Ein Frankfurt,3,1,8.0,19.0,5.0,6.0,1.0,11.0,H,1,2,4,2023,Bundesliga 2022 
2023-05-06,M'gladbach,Bochum,2,0,25.0,14.0,9.0,3.0,11.0,3.0,H,1,2,2,2023,Bundesliga 2022 
2023-05-06,Werder Bremen,Bayern Munich,1,2,12.0,12.0,2.0,4.0,1.0,11.0,A,2,-1,3,2023,Bundesliga 2022 
2023-05-07,Dortmund,Wolfsburg,6,0,20.0,10.0,10.0,3.0,10.0,6.0,H,1,6,6,2023,Bundesliga 2022 
2023-05-12,FC Koln,Hertha,5,2,28.0,9.0,15.0,3.0,12.0,3.0,H,1,3,7,2023,Bundesliga 2022 
2023-05-13,Bayern Munich,Schalke 04,6,0,23.0,8.0,14.0,0.0,4.0,3.0,H,1,6,6,2023,Bundesliga 2022 
2023-05-13,Bochum,Augsburg,3,2,15.0,12.0,8.0,2.0,7.0,7.0,H,1,1,5,2023,Bundesliga 2022 
2023-05-13,Ein Frankfurt,Mainz,3,0,17.0,10.0,7.0,4.0,5.0,1.0,H,1,3,3,2023,Bundesliga 2022 
2023-05-13,Union Berlin,Freiburg,4,2,10.0,13.0,4.0,8.0,1.0,7.0,H,1,2,6,2023,Bundesliga 2022 
2023-05-13,Wolfsburg,Hoffenheim,2,1,8.0,10.0,3.0,2.0,3.0,7.0,H,1,1,3,2023,Bundesliga 2022 
2023-05-13,Dortmund,M'gladbach,5,2,33.0,13.0,13.0,8.0,10.0,4.0,H,1,3,7,2023,Bundesliga 2022 
2023-05-14,Stuttgart,Leverkusen,1,1,9.0,12.0,1.0,3.0,7.0,3.0,D,0,0,2,2023,Bundesliga 2022 
2023-05-14,RB Leipzig,Werder Bremen,2,1,20.0,6.0,7.0,2.0,3.0,2.0,H,1,1,3,2023,Bundesliga 2022 
2023-05-19,Freiburg,Wolfsburg,2,0,16.0,9.0,7.0,2.0,4.0,4.0,H,1,2,2,2023,Bundesliga 2022 
2023-05-20,Hertha,Bochum,1,1,14.0,17.0,4.0,6.0,9.0,5.0,D,0,0,2,2023,Bundesliga 2022 
2023-05-20,Hoffenheim,Union Berlin,4,2,10.0,20.0,5.0,4.0,1.0,5.0,H,1,2,6,2023,Bundesliga 2022 
2023-05-20,Schalke 04,Ein Frankfurt,2,2,11.0,6.0,4.0,3.0,8.0,3.0,D,0,0,4,2023,Bundesliga 2022 
2023-05-20,Werder Bremen,FC Koln,1,1,13.0,13.0,6.0,4.0,4.0,9.0,D,0,0,2,2023,Bundesliga 2022 
2023-05-20,Bayern Munich,RB Leipzig,1,3,17.0,16.0,4.0,8.0,7.0,2.0,A,2,-2,4,2023,Bundesliga 2022 
2023-05-21,Mainz,Stuttgart,1,4,9.0,8.0,6.0,6.0,6.0,3.0,A,2,-3,5,2023,Bundesliga 2022 
2023-05-21,Augsburg,Dortmund,0,3,4.0,28.0,1.0,10.0,3.0,8.0,A,2,-3,3,2023,Bundesliga 2022 
2023-05-21,Leverkusen,M'gladbach,2,2,13.0,9.0,6.0,5.0,2.0,3.0,D,0,0,4,2023,Bundesliga 2022 
2023-05-27,Bochum,Leverkusen,3,0,10.0,11.0,5.0,2.0,2.0,5.0,H,1,3,3,2023,Bundesliga 2022 
2023-05-27,Dortmund,Mainz,2,2,30.0,10.0,12.0,4.0,6.0,3.0,D,0,0,4,2023,Bundesliga 2022 
2023-05-27,Ein Frankfurt,Freiburg,2,1,14.0,13.0,8.0,7.0,3.0,6.0,H,1,1,3,2023,Bundesliga 2022 
2023-05-27,FC Koln,Bayern Munich,1,2,9.0,11.0,3.0,3.0,7.0,3.0,A,2,-1,3,2023,Bundesliga 2022 
2023-05-27,M'gladbach,Augsburg,2,0,17.0,9.0,7.0,3.0,4.0,4.0,H,1,2,2,2023,Bundesliga 2022 
2023-05-27,RB Leipzig,Schalke 04,4,2,19.0,16.0,12.0,4.0,4.0,5.0,H,1,2,6,2023,Bundesliga 2022 
2023-05-27,Stuttgart,Hoffenheim,1,1,19.0,8.0,4.0,2.0,9.0,2.0,D,0,0,2,2023,Bundesliga 2022 
2023-05-27,Union Berlin,Werder Bremen,1,0,16.0,7.0,4.0,4.0,15.0,1.0,H,1,1,1,2023,Bundesliga 2022 
2023-05-27,Wolfsburg,Hertha,1,2,19.0,9.0,9.0,5.0,7.0,3.0,A,2,-1,3,2023,Bundesliga 2022 
