date,hometeam,awayteam,fthg,ftag,hs,as,hst,ast,hc,ac,match_result,result_numeric,goal_difference,total_goals,season,league
2024-08-23,M'gladbach,Leverkusen,2,3,14.0,25.0,7.0,9.0,2.0,4.0,A,2,-1,5,2025,Bundesliga 2024 
2024-08-24,Augsburg,Werder Bremen,2,2,10.0,12.0,3.0,6.0,4.0,2.0,D,0,0,4,2025,Bundesliga 2024 
2024-08-24,Freiburg,Stuttgart,3,1,15.0,9.0,4.0,2.0,6.0,3.0,H,1,2,4,2025,Bundesliga 2024 
2024-08-24,Hoffenheim,Holstein Kiel,3,2,20.0,15.0,8.0,6.0,8.0,6.0,H,1,1,5,2025,Bundesliga 2024 
2024-08-24,Mainz,Union Berlin,1,1,15.0,15.0,3.0,4.0,8.0,9.0,D,0,0,2,2025,Bundesliga 2024 
2024-08-24,RB Leipzig,Bochum,1,0,12.0,10.0,3.0,4.0,9.0,3.0,H,1,1,1,2025,Bundesliga 2024 
2024-08-24,Dortmund,Ein Frankfurt,2,0,17.0,7.0,5.0,2.0,7.0,7.0,H,1,2,2,2025,Bundesliga 2024 
2024-08-25,Wolfsburg,Bayern Munich,2,3,11.0,14.0,2.0,8.0,1.0,7.0,A,2,-1,5,2025,Bundesliga 2024 
2024-08-25,St Pauli,Heidenheim,0,2,11.0,6.0,3.0,3.0,4.0,2.0,A,2,-2,2,2025,Bundesliga 2024 
2024-08-30,Union Berlin,St Pauli,1,0,10.0,8.0,5.0,2.0,5.0,4.0,H,1,1,1,2025,Bundesliga 2024 
2024-08-31,Bochum,M'gladbach,0,2,16.0,15.0,4.0,6.0,3.0,4.0,A,2,-2,2,2025,Bundesliga 2024 
2024-08-31,Ein Frankfurt,Hoffenheim,3,1,17.0,10.0,7.0,3.0,1.0,4.0,H,1,2,4,2025,Bundesliga 2024 
2024-08-31,Holstein Kiel,Wolfsburg,0,2,12.0,12.0,5.0,4.0,1.0,7.0,A,2,-2,2,2025,Bundesliga 2024 
2024-08-31,Stuttgart,Mainz,3,3,28.0,9.0,13.0,7.0,11.0,2.0,D,0,0,6,2025,Bundesliga 2024 
2024-08-31,Werder Bremen,Dortmund,0,0,5.0,9.0,1.0,4.0,5.0,6.0,D,0,0,0,2025,Bundesliga 2024 
2024-08-31,Leverkusen,RB Leipzig,2,3,27.0,10.0,10.0,4.0,18.0,2.0,A,2,-1,5,2025,Bundesliga 2024 
2024-09-01,Heidenheim,Augsburg,4,0,17.0,15.0,9.0,1.0,5.0,6.0,H,1,4,4,2025,Bundesliga 2024 
2024-09-01,Bayern Munich,Freiburg,2,0,11.0,8.0,4.0,4.0,2.0,4.0,H,1,2,2,2025,Bundesliga 2024 
2024-09-13,Dortmund,Heidenheim,4,2,13.0,11.0,7.0,4.0,8.0,1.0,H,1,2,6,2025,Bundesliga 2024 
2024-09-14,Freiburg,Bochum,2,1,27.0,13.0,9.0,2.0,5.0,6.0,H,1,1,3,2025,Bundesliga 2024 
2024-09-14,Hoffenheim,Leverkusen,1,4,14.0,20.0,5.0,8.0,4.0,12.0,A,2,-3,5,2025,Bundesliga 2024 
2024-09-14,M'gladbach,Stuttgart,1,3,15.0,12.0,7.0,7.0,6.0,2.0,A,2,-2,4,2025,Bundesliga 2024 
2024-09-14,RB Leipzig,Union Berlin,0,0,16.0,11.0,3.0,3.0,6.0,5.0,D,0,0,0,2025,Bundesliga 2024 
2024-09-14,Wolfsburg,Ein Frankfurt,1,2,17.0,15.0,4.0,7.0,5.0,4.0,A,2,-1,3,2025,Bundesliga 2024 
2024-09-14,Holstein Kiel,Bayern Munich,1,6,5.0,23.0,1.0,13.0,2.0,10.0,A,2,-5,7,2025,Bundesliga 2024 
2024-09-15,Augsburg,St Pauli,3,1,18.0,12.0,10.0,3.0,7.0,7.0,H,1,2,4,2025,Bundesliga 2024 
2024-09-15,Mainz,Werder Bremen,1,2,11.0,11.0,5.0,5.0,10.0,4.0,A,2,-1,3,2025,Bundesliga 2024 
2024-09-20,Augsburg,Mainz,2,3,30.0,5.0,9.0,3.0,14.0,1.0,A,2,-1,5,2025,Bundesliga 2024 
2024-09-21,Bochum,Holstein Kiel,2,2,14.0,13.0,3.0,4.0,2.0,5.0,D,0,0,4,2025,Bundesliga 2024 
2024-09-21,Heidenheim,Freiburg,0,3,7.0,14.0,2.0,5.0,3.0,9.0,A,2,-3,3,2025,Bundesliga 2024 
2024-09-21,Union Berlin,Hoffenheim,2,1,12.0,6.0,2.0,3.0,5.0,5.0,H,1,1,3,2025,Bundesliga 2024 
2024-09-21,Werder Bremen,Bayern Munich,0,5,0.0,25.0,0.0,7.0,1.0,4.0,A,2,-5,5,2025,Bundesliga 2024 
2024-09-21,Ein Frankfurt,M'gladbach,2,0,14.0,22.0,4.0,7.0,8.0,5.0,H,1,2,2,2025,Bundesliga 2024 
2024-09-22,Leverkusen,Wolfsburg,4,3,20.0,8.0,7.0,4.0,6.0,2.0,H,1,1,7,2025,Bundesliga 2024 
2024-09-22,Stuttgart,Dortmund,5,1,16.0,6.0,9.0,3.0,6.0,4.0,H,1,4,6,2025,Bundesliga 2024 
2024-09-22,St Pauli,RB Leipzig,0,0,15.0,10.0,4.0,5.0,3.0,1.0,D,0,0,0,2025,Bundesliga 2024 
2024-09-27,Dortmund,Bochum,4,2,23.0,10.0,8.0,6.0,11.0,0.0,H,1,2,6,2025,Bundesliga 2024 
2024-09-28,Freiburg,St Pauli,0,3,6.0,10.0,2.0,4.0,4.0,2.0,A,2,-3,3,2025,Bundesliga 2024 
2024-09-28,Mainz,Heidenheim,0,2,7.0,14.0,2.0,7.0,7.0,6.0,A,2,-2,2,2025,Bundesliga 2024 
2024-09-28,M'gladbach,Union Berlin,1,0,8.0,9.0,3.0,3.0,2.0,4.0,H,1,1,1,2025,Bundesliga 2024 
2024-09-28,RB Leipzig,Augsburg,4,0,14.0,7.0,7.0,1.0,8.0,5.0,H,1,4,4,2025,Bundesliga 2024 
2024-09-28,Wolfsburg,Stuttgart,2,2,5.0,17.0,2.0,5.0,1.0,3.0,D,0,0,4,2025,Bundesliga 2024 
2024-09-28,Bayern Munich,Leverkusen,1,1,18.0,3.0,3.0,3.0,6.0,1.0,D,0,0,2,2025,Bundesliga 2024 
2024-09-29,Holstein Kiel,Ein Frankfurt,2,4,10.0,18.0,5.0,10.0,4.0,9.0,A,2,-2,6,2025,Bundesliga 2024 
2024-09-29,Hoffenheim,Werder Bremen,3,4,10.0,18.0,5.0,10.0,2.0,6.0,A,2,-1,7,2025,Bundesliga 2024 
2024-10-04,Augsburg,M'gladbach,2,1,13.0,11.0,5.0,5.0,6.0,5.0,H,1,1,3,2025,Bundesliga 2024 
2024-10-05,Bochum,Wolfsburg,1,3,17.0,15.0,5.0,5.0,7.0,6.0,A,2,-2,4,2025,Bundesliga 2024 
2024-10-05,Leverkusen,Holstein Kiel,2,2,24.0,8.0,7.0,4.0,12.0,3.0,D,0,0,4,2025,Bundesliga 2024 
2024-10-05,Union Berlin,Dortmund,2,1,13.0,9.0,5.0,5.0,3.0,3.0,H,1,1,3,2025,Bundesliga 2024 
2024-10-05,Werder Bremen,Freiburg,0,1,11.0,13.0,3.0,3.0,7.0,5.0,A,2,-1,1,2025,Bundesliga 2024 
2024-10-05,St Pauli,Mainz,0,3,17.0,8.0,4.0,4.0,2.0,2.0,A,2,-3,3,2025,Bundesliga 2024 
2024-10-06,Heidenheim,RB Leipzig,0,1,15.0,12.0,4.0,2.0,3.0,2.0,A,2,-1,1,2025,Bundesliga 2024 
2024-10-06,Ein Frankfurt,Bayern Munich,3,3,5.0,22.0,4.0,13.0,0.0,11.0,D,0,0,6,2025,Bundesliga 2024 
2024-10-06,Stuttgart,Hoffenheim,1,1,18.0,7.0,7.0,5.0,10.0,5.0,D,0,0,2,2025,Bundesliga 2024 
2024-10-18,Dortmund,St Pauli,2,1,20.0,10.0,7.0,3.0,7.0,1.0,H,1,1,3,2025,Bundesliga 2024 
2024-10-19,Freiburg,Augsburg,3,1,15.0,9.0,6.0,3.0,5.0,4.0,H,1,2,4,2025,Bundesliga 2024 
2024-10-19,Hoffenheim,Bochum,3,1,12.0,13.0,7.0,4.0,4.0,2.0,H,1,2,4,2025,Bundesliga 2024 
2024-10-19,Leverkusen,Ein Frankfurt,2,1,27.0,9.0,9.0,2.0,8.0,3.0,H,1,1,3,2025,Bundesliga 2024 
2024-10-19,Mainz,RB Leipzig,0,2,16.0,11.0,2.0,5.0,5.0,3.0,A,2,-2,2,2025,Bundesliga 2024 
2024-10-19,M'gladbach,Heidenheim,3,2,20.0,19.0,10.0,6.0,6.0,3.0,H,1,1,5,2025,Bundesliga 2024 
2024-10-19,Bayern Munich,Stuttgart,4,0,22.0,4.0,10.0,1.0,7.0,3.0,H,1,4,4,2025,Bundesliga 2024 
2024-10-20,Holstein Kiel,Union Berlin,0,2,12.0,14.0,5.0,4.0,7.0,3.0,A,2,-2,2,2025,Bundesliga 2024 
2024-10-20,Wolfsburg,Werder Bremen,2,4,14.0,15.0,6.0,7.0,4.0,4.0,A,2,-2,6,2025,Bundesliga 2024 
2024-10-25,Mainz,M'gladbach,1,1,23.0,9.0,6.0,5.0,2.0,4.0,D,0,0,2,2025,Bundesliga 2024 
2024-10-26,Augsburg,Dortmund,2,1,12.0,11.0,4.0,4.0,3.0,5.0,H,1,1,3,2025,Bundesliga 2024 
2024-10-26,RB Leipzig,Freiburg,3,1,12.0,15.0,9.0,5.0,3.0,3.0,H,1,2,4,2025,Bundesliga 2024 
2024-10-26,St Pauli,Wolfsburg,0,0,14.0,10.0,5.0,4.0,7.0,6.0,D,0,0,0,2025,Bundesliga 2024 
2024-10-26,Stuttgart,Holstein Kiel,2,1,16.0,9.0,6.0,3.0,9.0,5.0,H,1,1,3,2025,Bundesliga 2024 
2024-10-26,Werder Bremen,Leverkusen,2,2,13.0,15.0,8.0,6.0,3.0,5.0,D,0,0,4,2025,Bundesliga 2024 
2024-10-27,Bochum,Bayern Munich,0,5,6.0,17.0,2.0,9.0,2.0,5.0,A,2,-5,5,2025,Bundesliga 2024 
2024-10-27,Union Berlin,Ein Frankfurt,1,1,13.0,17.0,4.0,5.0,4.0,5.0,D,0,0,2,2025,Bundesliga 2024 
2024-10-27,Heidenheim,Hoffenheim,0,0,17.0,12.0,3.0,4.0,7.0,3.0,D,0,0,0,2025,Bundesliga 2024 
2024-11-01,Leverkusen,Stuttgart,0,0,19.0,4.0,5.0,1.0,10.0,2.0,D,0,0,0,2025,Bundesliga 2024 
2024-11-02,Bayern Munich,Union Berlin,3,0,16.0,8.0,7.0,1.0,7.0,4.0,H,1,3,3,2025,Bundesliga 2024 
2024-11-02,Ein Frankfurt,Bochum,7,2,18.0,11.0,9.0,8.0,5.0,2.0,H,1,5,9,2025,Bundesliga 2024 
2024-11-02,Hoffenheim,St Pauli,0,2,12.0,7.0,6.0,3.0,7.0,2.0,A,2,-2,2,2025,Bundesliga 2024 
2024-11-02,Holstein Kiel,Heidenheim,1,0,11.0,17.0,6.0,4.0,5.0,6.0,H,1,1,1,2025,Bundesliga 2024 
2024-11-02,Wolfsburg,Augsburg,1,1,18.0,3.0,6.0,1.0,8.0,1.0,D,0,0,2,2025,Bundesliga 2024 
2024-11-02,Dortmund,RB Leipzig,2,1,19.0,7.0,7.0,3.0,4.0,0.0,H,1,1,3,2025,Bundesliga 2024 
2024-11-03,Freiburg,Mainz,0,0,10.0,9.0,2.0,2.0,8.0,4.0,D,0,0,0,2025,Bundesliga 2024 
2024-11-03,M'gladbach,Werder Bremen,4,1,16.0,15.0,8.0,5.0,7.0,7.0,H,1,3,5,2025,Bundesliga 2024 
2024-11-08,Union Berlin,Freiburg,0,0,12.0,14.0,6.0,4.0,4.0,1.0,D,0,0,0,2025,Bundesliga 2024 
2024-11-09,Bochum,Leverkusen,1,1,15.0,11.0,3.0,3.0,6.0,4.0,D,0,0,2,2025,Bundesliga 2024 
2024-11-09,Mainz,Dortmund,3,1,13.0,2.0,9.0,1.0,8.0,0.0,H,1,2,4,2025,Bundesliga 2024 
2024-11-09,St Pauli,Bayern Munich,0,1,3.0,13.0,0.0,6.0,5.0,10.0,A,2,-1,1,2025,Bundesliga 2024 
2024-11-09,Werder Bremen,Holstein Kiel,2,1,16.0,12.0,5.0,5.0,6.0,3.0,H,1,1,3,2025,Bundesliga 2024 
2024-11-09,RB Leipzig,M'gladbach,0,0,11.0,14.0,4.0,4.0,8.0,4.0,D,0,0,0,2025,Bundesliga 2024 
2024-11-10,Augsburg,Hoffenheim,0,0,16.0,11.0,4.0,2.0,10.0,6.0,D,0,0,0,2025,Bundesliga 2024 
2024-11-10,Stuttgart,Ein Frankfurt,2,3,22.0,8.0,11.0,5.0,8.0,3.0,A,2,-1,5,2025,Bundesliga 2024 
2024-11-10,Heidenheim,Wolfsburg,1,3,19.0,13.0,4.0,6.0,5.0,5.0,A,2,-2,4,2025,Bundesliga 2024 
2024-11-22,Bayern Munich,Augsburg,3,0,33.0,2.0,14.0,1.0,8.0,0.0,H,1,3,3,2025,Bundesliga 2024 
2024-11-23,Dortmund,Freiburg,4,0,19.0,7.0,7.0,3.0,7.0,0.0,H,1,4,4,2025,Bundesliga 2024 
2024-11-23,Hoffenheim,RB Leipzig,4,3,20.0,14.0,7.0,6.0,4.0,3.0,H,1,1,7,2025,Bundesliga 2024 
2024-11-23,Leverkusen,Heidenheim,5,2,20.0,6.0,10.0,3.0,6.0,0.0,H,1,3,7,2025,Bundesliga 2024 
2024-11-23,Stuttgart,Bochum,2,0,15.0,9.0,5.0,2.0,7.0,4.0,H,1,2,2,2025,Bundesliga 2024 
2024-11-23,Wolfsburg,Union Berlin,1,0,10.0,11.0,5.0,4.0,8.0,5.0,H,1,1,1,2025,Bundesliga 2024 
2024-11-23,Ein Frankfurt,Werder Bremen,1,0,15.0,8.0,5.0,1.0,5.0,6.0,H,1,1,1,2025,Bundesliga 2024 
2024-11-24,Holstein Kiel,Mainz,0,3,7.0,18.0,2.0,7.0,2.0,6.0,A,2,-3,3,2025,Bundesliga 2024 
2024-11-24,M'gladbach,St Pauli,2,0,15.0,15.0,4.0,3.0,5.0,4.0,H,1,2,2,2025,Bundesliga 2024 
2024-11-29,St Pauli,Holstein Kiel,3,1,11.0,10.0,4.0,3.0,4.0,4.0,H,1,2,4,2025,Bundesliga 2024 
2024-11-30,Augsburg,Bochum,1,0,16.0,7.0,4.0,1.0,6.0,1.0,H,1,1,1,2025,Bundesliga 2024 
2024-11-30,Freiburg,M'gladbach,3,1,17.0,15.0,7.0,4.0,4.0,6.0,H,1,2,4,2025,Bundesliga 2024 
2024-11-30,RB Leipzig,Wolfsburg,1,5,9.0,13.0,4.0,8.0,7.0,3.0,A,2,-4,6,2025,Bundesliga 2024 
2024-11-30,Union Berlin,Leverkusen,1,2,8.0,8.0,2.0,3.0,1.0,3.0,A,2,-1,3,2025,Bundesliga 2024 
2024-11-30,Werder Bremen,Stuttgart,2,2,20.0,10.0,6.0,4.0,11.0,2.0,D,0,0,4,2025,Bundesliga 2024 
2024-11-30,Dortmund,Bayern Munich,1,1,7.0,14.0,2.0,5.0,2.0,3.0,D,0,0,2,2025,Bundesliga 2024 
2024-12-01,Mainz,Hoffenheim,2,0,18.0,10.0,8.0,2.0,8.0,3.0,H,1,2,2,2025,Bundesliga 2024 
2024-12-01,Heidenheim,Ein Frankfurt,0,4,8.0,14.0,1.0,8.0,6.0,5.0,A,2,-4,4,2025,Bundesliga 2024 
2024-12-06,Stuttgart,Union Berlin,3,2,7.0,14.0,5.0,3.0,1.0,6.0,H,1,1,5,2025,Bundesliga 2024 
2024-12-07,Bayern Munich,Heidenheim,4,2,21.0,2.0,10.0,2.0,8.0,0.0,H,1,2,6,2025,Bundesliga 2024 
2024-12-07,Bochum,Werder Bremen,0,1,12.0,9.0,2.0,1.0,9.0,5.0,A,2,-1,1,2025,Bundesliga 2024 
2024-12-07,Ein Frankfurt,Augsburg,2,2,16.0,8.0,4.0,3.0,4.0,0.0,D,0,0,4,2025,Bundesliga 2024 
2024-12-07,Holstein Kiel,RB Leipzig,0,2,17.0,9.0,5.0,5.0,6.0,1.0,A,2,-2,2,2025,Bundesliga 2024 
2024-12-07,Leverkusen,St Pauli,2,1,6.0,12.0,2.0,4.0,7.0,4.0,H,1,1,3,2025,Bundesliga 2024 
2024-12-07,M'gladbach,Dortmund,1,1,9.0,16.0,3.0,3.0,7.0,4.0,D,0,0,2,2025,Bundesliga 2024 
2024-12-08,Wolfsburg,Mainz,4,3,10.0,12.0,5.0,5.0,3.0,5.0,H,1,1,7,2025,Bundesliga 2024 
2024-12-08,Hoffenheim,Freiburg,1,1,15.0,11.0,5.0,4.0,6.0,1.0,D,0,0,2,2025,Bundesliga 2024 
2024-12-13,Freiburg,Wolfsburg,3,2,18.0,20.0,9.0,5.0,5.0,6.0,H,1,1,5,2025,Bundesliga 2024 
2024-12-14,Augsburg,Leverkusen,0,2,8.0,14.0,4.0,3.0,4.0,9.0,A,2,-2,2,2025,Bundesliga 2024 
2024-12-14,Mainz,Bayern Munich,2,1,8.0,13.0,4.0,1.0,3.0,2.0,H,1,1,3,2025,Bundesliga 2024 
2024-12-14,M'gladbach,Holstein Kiel,4,1,15.0,11.0,6.0,3.0,5.0,2.0,H,1,3,5,2025,Bundesliga 2024 
2024-12-14,Union Berlin,Bochum,0,2,0.0,0.0,0.0,0.0,0.0,0.0,A,2,-2,2,2025,Bundesliga 2024 
2024-12-14,St Pauli,Werder Bremen,0,2,15.0,8.0,4.0,4.0,4.0,5.0,A,2,-2,2,2025,Bundesliga 2024 
2024-12-15,Heidenheim,Stuttgart,1,3,9.0,18.0,2.0,7.0,9.0,6.0,A,2,-2,4,2025,Bundesliga 2024 
2024-12-15,Dortmund,Hoffenheim,1,1,6.0,12.0,2.0,1.0,3.0,9.0,D,0,0,2,2025,Bundesliga 2024 
2024-12-15,RB Leipzig,Ein Frankfurt,2,1,19.0,16.0,9.0,3.0,6.0,7.0,H,1,1,3,2025,Bundesliga 2024 
2024-12-20,Bayern Munich,RB Leipzig,5,1,22.0,4.0,9.0,1.0,8.0,1.0,H,1,4,6,2025,Bundesliga 2024 
2024-12-21,Ein Frankfurt,Mainz,1,3,34.0,9.0,9.0,3.0,17.0,2.0,A,2,-2,4,2025,Bundesliga 2024 
2024-12-21,Hoffenheim,M'gladbach,1,2,18.0,5.0,8.0,3.0,8.0,4.0,A,2,-1,3,2025,Bundesliga 2024 
2024-12-21,Holstein Kiel,Augsburg,5,1,8.0,17.0,6.0,4.0,3.0,8.0,H,1,4,6,2025,Bundesliga 2024 
2024-12-21,Stuttgart,St Pauli,0,1,25.0,11.0,5.0,5.0,9.0,1.0,A,2,-1,1,2025,Bundesliga 2024 
2024-12-21,Werder Bremen,Union Berlin,4,1,11.0,16.0,6.0,4.0,4.0,9.0,H,1,3,5,2025,Bundesliga 2024 
2024-12-21,Leverkusen,Freiburg,5,1,20.0,8.0,12.0,2.0,4.0,2.0,H,1,4,6,2025,Bundesliga 2024 
2024-12-22,Bochum,Heidenheim,2,0,14.0,10.0,4.0,2.0,5.0,2.0,H,1,2,2,2025,Bundesliga 2024 
2024-12-22,Wolfsburg,Dortmund,1,3,14.0,12.0,5.0,4.0,10.0,4.0,A,2,-2,4,2025,Bundesliga 2024 
2025-01-10,Dortmund,Leverkusen,2,3,12.0,7.0,5.0,5.0,6.0,1.0,A,2,-1,5,2025,Bundesliga 2024 
2025-01-11,Freiburg,Holstein Kiel,3,2,14.0,14.0,5.0,7.0,7.0,1.0,H,1,1,5,2025,Bundesliga 2024 
2025-01-11,Heidenheim,Union Berlin,2,0,16.0,10.0,9.0,6.0,5.0,4.0,H,1,2,2,2025,Bundesliga 2024 
2025-01-11,Hoffenheim,Wolfsburg,0,1,15.0,12.0,2.0,3.0,4.0,8.0,A,2,-1,1,2025,Bundesliga 2024 
2025-01-11,Mainz,Bochum,2,0,10.0,11.0,5.0,2.0,5.0,6.0,H,1,2,2,2025,Bundesliga 2024 
2025-01-11,St Pauli,Ein Frankfurt,0,1,18.0,14.0,4.0,6.0,3.0,3.0,A,2,-1,1,2025,Bundesliga 2024 
2025-01-11,M'gladbach,Bayern Munich,0,1,5.0,23.0,0.0,10.0,4.0,10.0,A,2,-1,1,2025,Bundesliga 2024 
2025-01-12,RB Leipzig,Werder Bremen,4,2,18.0,7.0,7.0,2.0,4.0,1.0,H,1,2,6,2025,Bundesliga 2024 
2025-01-12,Augsburg,Stuttgart,0,1,8.0,13.0,2.0,5.0,3.0,9.0,A,2,-1,1,2025,Bundesliga 2024 
2025-01-14,Holstein Kiel,Dortmund,4,2,11.0,16.0,7.0,4.0,1.0,9.0,H,1,2,6,2025,Bundesliga 2024 
2025-01-14,Ein Frankfurt,Freiburg,4,1,23.0,7.0,8.0,5.0,8.0,1.0,H,1,3,5,2025,Bundesliga 2024 
2025-01-14,Leverkusen,Mainz,1,0,20.0,7.0,9.0,4.0,8.0,4.0,H,1,1,1,2025,Bundesliga 2024 
2025-01-14,Wolfsburg,M'gladbach,5,1,16.0,9.0,5.0,5.0,4.0,7.0,H,1,4,6,2025,Bundesliga 2024 
2025-01-15,Bochum,St Pauli,1,0,13.0,12.0,5.0,1.0,6.0,7.0,H,1,1,1,2025,Bundesliga 2024 
2025-01-15,Bayern Munich,Hoffenheim,5,0,25.0,5.0,10.0,2.0,13.0,1.0,H,1,5,5,2025,Bundesliga 2024 
2025-01-15,Stuttgart,RB Leipzig,2,1,14.0,6.0,6.0,3.0,5.0,0.0,H,1,1,3,2025,Bundesliga 2024 
2025-01-15,Union Berlin,Augsburg,0,2,13.0,11.0,2.0,5.0,7.0,4.0,A,2,-2,2,2025,Bundesliga 2024 
2025-01-15,Werder Bremen,Heidenheim,3,3,12.0,14.0,5.0,5.0,4.0,2.0,D,0,0,6,2025,Bundesliga 2024 
2025-01-17,Ein Frankfurt,Dortmund,2,0,13.0,12.0,5.0,3.0,5.0,7.0,H,1,2,2,2025,Bundesliga 2024 
2025-01-18,Bayern Munich,Wolfsburg,3,2,25.0,7.0,10.0,3.0,6.0,2.0,H,1,1,5,2025,Bundesliga 2024 
2025-01-18,Bochum,RB Leipzig,3,3,14.0,11.0,3.0,3.0,6.0,3.0,D,0,0,6,2025,Bundesliga 2024 
2025-01-18,Heidenheim,St Pauli,0,2,8.0,7.0,1.0,4.0,4.0,4.0,A,2,-2,2,2025,Bundesliga 2024 
2025-01-18,Holstein Kiel,Hoffenheim,1,3,12.0,11.0,3.0,6.0,4.0,3.0,A,2,-2,4,2025,Bundesliga 2024 
2025-01-18,Stuttgart,Freiburg,4,0,12.0,4.0,7.0,0.0,4.0,1.0,H,1,4,4,2025,Bundesliga 2024 
2025-01-18,Leverkusen,M'gladbach,3,1,10.0,7.0,5.0,4.0,7.0,6.0,H,1,2,4,2025,Bundesliga 2024 
2025-01-19,Union Berlin,Mainz,2,1,12.0,9.0,4.0,1.0,2.0,2.0,H,1,1,3,2025,Bundesliga 2024 
2025-01-19,Werder Bremen,Augsburg,0,2,20.0,9.0,2.0,4.0,6.0,2.0,A,2,-2,2,2025,Bundesliga 2024 
2025-01-24,Wolfsburg,Holstein Kiel,2,2,22.0,5.0,5.0,2.0,10.0,3.0,D,0,0,4,2025,Bundesliga 2024 
2025-01-25,Augsburg,Heidenheim,2,1,11.0,11.0,7.0,6.0,6.0,4.0,H,1,1,3,2025,Bundesliga 2024 
2025-01-25,Dortmund,Werder Bremen,2,2,8.0,13.0,4.0,4.0,5.0,5.0,D,0,0,4,2025,Bundesliga 2024 
2025-01-25,Freiburg,Bayern Munich,1,2,7.0,7.0,2.0,3.0,2.0,4.0,A,2,-1,3,2025,Bundesliga 2024 
2025-01-25,Mainz,Stuttgart,2,0,11.0,10.0,4.0,5.0,9.0,2.0,H,1,2,2,2025,Bundesliga 2024 
2025-01-25,RB Leipzig,Leverkusen,2,2,8.0,13.0,4.0,7.0,7.0,3.0,D,0,0,4,2025,Bundesliga 2024 
2025-01-25,M'gladbach,Bochum,3,0,16.0,10.0,6.0,4.0,8.0,7.0,H,1,3,3,2025,Bundesliga 2024 
2025-01-26,Hoffenheim,Ein Frankfurt,2,2,24.0,12.0,8.0,7.0,9.0,3.0,D,0,0,4,2025,Bundesliga 2024 
2025-01-26,St Pauli,Union Berlin,3,0,16.0,14.0,5.0,2.0,5.0,7.0,H,1,3,3,2025,Bundesliga 2024 
2025-01-31,Werder Bremen,Mainz,1,0,12.0,13.0,5.0,2.0,3.0,8.0,H,1,1,1,2025,Bundesliga 2024 
2025-02-01,Bayern Munich,Holstein Kiel,4,3,29.0,10.0,12.0,6.0,12.0,1.0,H,1,1,7,2025,Bundesliga 2024 
2025-02-01,Bochum,Freiburg,0,1,22.0,13.0,4.0,5.0,9.0,7.0,A,2,-1,1,2025,Bundesliga 2024 
2025-02-01,Heidenheim,Dortmund,1,2,11.0,16.0,5.0,5.0,4.0,5.0,A,2,-1,3,2025,Bundesliga 2024 
2025-02-01,St Pauli,Augsburg,1,1,5.0,2.0,1.0,1.0,3.0,1.0,D,0,0,2,2025,Bundesliga 2024 
2025-02-01,Stuttgart,M'gladbach,1,2,10.0,12.0,3.0,6.0,2.0,0.0,A,2,-1,3,2025,Bundesliga 2024 
2025-02-01,Union Berlin,RB Leipzig,0,0,21.0,6.0,6.0,2.0,4.0,5.0,D,0,0,0,2025,Bundesliga 2024 
2025-02-02,Ein Frankfurt,Wolfsburg,1,1,16.0,11.0,4.0,2.0,9.0,1.0,D,0,0,2,2025,Bundesliga 2024 
2025-02-02,Leverkusen,Hoffenheim,3,1,9.0,16.0,5.0,7.0,3.0,3.0,H,1,2,4,2025,Bundesliga 2024 
2025-02-07,Bayern Munich,Werder Bremen,3,0,21.0,2.0,12.0,0.0,5.0,2.0,H,1,3,3,2025,Bundesliga 2024 
2025-02-08,Dortmund,Stuttgart,1,2,16.0,4.0,5.0,2.0,9.0,4.0,A,2,-1,3,2025,Bundesliga 2024 
2025-02-08,Freiburg,Heidenheim,1,0,9.0,11.0,3.0,5.0,6.0,3.0,H,1,1,1,2025,Bundesliga 2024 
2025-02-08,Hoffenheim,Union Berlin,0,4,16.0,22.0,4.0,7.0,8.0,4.0,A,2,-4,4,2025,Bundesliga 2024 
2025-02-08,Mainz,Augsburg,0,0,9.0,9.0,5.0,2.0,1.0,3.0,D,0,0,0,2025,Bundesliga 2024 
2025-02-08,Wolfsburg,Leverkusen,0,0,13.0,15.0,8.0,1.0,3.0,9.0,D,0,0,0,2025,Bundesliga 2024 
2025-02-08,M'gladbach,Ein Frankfurt,1,1,8.0,15.0,3.0,7.0,6.0,1.0,D,0,0,2,2025,Bundesliga 2024 
2025-02-09,Holstein Kiel,Bochum,2,2,10.0,21.0,3.0,6.0,3.0,5.0,D,0,0,4,2025,Bundesliga 2024 
2025-02-09,RB Leipzig,St Pauli,2,0,11.0,7.0,6.0,4.0,5.0,4.0,H,1,2,2,2025,Bundesliga 2024 
2025-02-14,Augsburg,RB Leipzig,0,0,11.0,14.0,2.0,4.0,8.0,9.0,D,0,0,0,2025,Bundesliga 2024 
2025-02-15,Bochum,Dortmund,2,0,18.0,17.0,9.0,2.0,2.0,8.0,H,1,2,2,2025,Bundesliga 2024 
2025-02-15,St Pauli,Freiburg,0,1,5.0,6.0,1.0,4.0,2.0,6.0,A,2,-1,1,2025,Bundesliga 2024 
2025-02-15,Stuttgart,Wolfsburg,1,2,10.0,7.0,4.0,3.0,7.0,5.0,A,2,-1,3,2025,Bundesliga 2024 
2025-02-15,Union Berlin,M'gladbach,1,2,18.0,9.0,3.0,5.0,4.0,5.0,A,2,-1,3,2025,Bundesliga 2024 
2025-02-15,Leverkusen,Bayern Munich,0,0,15.0,2.0,3.0,0.0,6.0,0.0,D,0,0,0,2025,Bundesliga 2024 
2025-02-16,Werder Bremen,Hoffenheim,1,3,14.0,16.0,1.0,7.0,6.0,4.0,A,2,-2,4,2025,Bundesliga 2024 
2025-02-16,Ein Frankfurt,Holstein Kiel,3,1,20.0,10.0,9.0,4.0,4.0,6.0,H,1,2,4,2025,Bundesliga 2024 
2025-02-16,Heidenheim,Mainz,0,2,12.0,6.0,3.0,5.0,8.0,4.0,A,2,-2,2,2025,Bundesliga 2024 
2025-02-21,Freiburg,Werder Bremen,5,0,13.0,9.0,8.0,3.0,3.0,7.0,H,1,5,5,2025,Bundesliga 2024 
2025-02-22,Holstein Kiel,Leverkusen,0,2,4.0,18.0,3.0,8.0,5.0,11.0,A,2,-2,2,2025,Bundesliga 2024 
2025-02-22,Mainz,St Pauli,2,0,10.0,12.0,5.0,0.0,6.0,5.0,H,1,2,2,2025,Bundesliga 2024 
2025-02-22,M'gladbach,Augsburg,0,3,8.0,17.0,5.0,4.0,2.0,4.0,A,2,-3,3,2025,Bundesliga 2024 
2025-02-22,Wolfsburg,Bochum,1,1,13.0,11.0,6.0,5.0,3.0,5.0,D,0,0,2,2025,Bundesliga 2024 
2025-02-22,Dortmund,Union Berlin,6,0,24.0,6.0,8.0,1.0,5.0,3.0,H,1,6,6,2025,Bundesliga 2024 
2025-02-23,RB Leipzig,Heidenheim,2,2,17.0,4.0,6.0,2.0,7.0,4.0,D,0,0,4,2025,Bundesliga 2024 
2025-02-23,Bayern Munich,Ein Frankfurt,4,0,19.0,7.0,12.0,2.0,4.0,1.0,H,1,4,4,2025,Bundesliga 2024 
2025-02-23,Hoffenheim,Stuttgart,1,1,9.0,14.0,2.0,7.0,4.0,8.0,D,0,0,2,2025,Bundesliga 2024 
2025-02-28,Stuttgart,Bayern Munich,1,3,12.0,17.0,3.0,8.0,4.0,6.0,A,2,-2,4,2025,Bundesliga 2024 
2025-03-01,Bochum,Hoffenheim,0,1,12.0,10.0,3.0,2.0,8.0,5.0,A,2,-1,1,2025,Bundesliga 2024 
2025-03-01,Heidenheim,M'gladbach,0,3,20.0,13.0,5.0,5.0,6.0,2.0,A,2,-3,3,2025,Bundesliga 2024 
2025-03-01,RB Leipzig,Mainz,1,2,13.0,15.0,4.0,3.0,7.0,1.0,A,2,-1,3,2025,Bundesliga 2024 
2025-03-01,St Pauli,Dortmund,0,2,7.0,14.0,1.0,3.0,7.0,1.0,A,2,-2,2,2025,Bundesliga 2024 
2025-03-01,Werder Bremen,Wolfsburg,1,2,15.0,9.0,7.0,3.0,8.0,2.0,A,2,-1,3,2025,Bundesliga 2024 
2025-03-01,Ein Frankfurt,Leverkusen,1,4,7.0,20.0,3.0,9.0,2.0,6.0,A,2,-3,5,2025,Bundesliga 2024 
2025-03-02,Union Berlin,Holstein Kiel,0,1,14.0,10.0,3.0,3.0,11.0,3.0,A,2,-1,1,2025,Bundesliga 2024 
2025-03-02,Augsburg,Freiburg,0,0,13.0,7.0,5.0,3.0,5.0,2.0,D,0,0,0,2025,Bundesliga 2024 
2025-03-07,M'gladbach,Mainz,1,3,12.0,16.0,4.0,8.0,4.0,3.0,A,2,-2,4,2025,Bundesliga 2024 
2025-03-08,Bayern Munich,Bochum,2,3,14.0,8.0,5.0,5.0,9.0,3.0,A,2,-1,5,2025,Bundesliga 2024 
2025-03-08,Dortmund,Augsburg,0,1,14.0,6.0,1.0,1.0,12.0,3.0,A,2,-1,1,2025,Bundesliga 2024 
2025-03-08,Holstein Kiel,Stuttgart,2,2,17.0,5.0,5.0,2.0,3.0,1.0,D,0,0,4,2025,Bundesliga 2024 
2025-03-08,Leverkusen,Werder Bremen,0,2,18.0,11.0,4.0,7.0,10.0,3.0,A,2,-2,2,2025,Bundesliga 2024 
2025-03-08,Wolfsburg,St Pauli,1,1,16.0,14.0,4.0,4.0,6.0,6.0,D,0,0,2,2025,Bundesliga 2024 
2025-03-08,Freiburg,RB Leipzig,0,0,10.0,18.0,2.0,3.0,2.0,6.0,D,0,0,0,2025,Bundesliga 2024 
2025-03-09,Ein Frankfurt,Union Berlin,1,2,14.0,11.0,3.0,3.0,1.0,5.0,A,2,-1,3,2025,Bundesliga 2024 
2025-03-09,Hoffenheim,Heidenheim,1,1,16.0,23.0,3.0,5.0,6.0,4.0,D,0,0,2,2025,Bundesliga 2024 
2025-03-14,St Pauli,Hoffenheim,1,0,10.0,4.0,5.0,0.0,11.0,2.0,H,1,1,1,2025,Bundesliga 2024 
2025-03-15,Augsburg,Wolfsburg,1,0,9.0,13.0,2.0,2.0,1.0,4.0,H,1,1,1,2025,Bundesliga 2024 
2025-03-15,Mainz,Freiburg,2,2,9.0,24.0,4.0,8.0,1.0,4.0,D,0,0,4,2025,Bundesliga 2024 
2025-03-15,Union Berlin,Bayern Munich,1,1,7.0,18.0,3.0,4.0,2.0,14.0,D,0,0,2,2025,Bundesliga 2024 
2025-03-15,Werder Bremen,M'gladbach,2,4,23.0,13.0,2.0,7.0,4.0,1.0,A,2,-2,6,2025,Bundesliga 2024 
2025-03-15,RB Leipzig,Dortmund,2,0,15.0,25.0,5.0,9.0,3.0,12.0,H,1,2,2,2025,Bundesliga 2024 
2025-03-16,Bochum,Ein Frankfurt,1,3,17.0,18.0,7.0,7.0,8.0,3.0,A,2,-2,4,2025,Bundesliga 2024 
2025-03-16,Heidenheim,Holstein Kiel,3,1,14.0,16.0,5.0,4.0,3.0,5.0,H,1,2,4,2025,Bundesliga 2024 
2025-03-16,Stuttgart,Leverkusen,3,4,11.0,16.0,6.0,4.0,1.0,10.0,A,2,-1,7,2025,Bundesliga 2024 
2025-03-28,Leverkusen,Bochum,3,1,14.0,8.0,5.0,3.0,3.0,2.0,H,1,2,4,2025,Bundesliga 2024 
2025-03-29,Bayern Munich,St Pauli,3,2,19.0,10.0,9.0,4.0,5.0,4.0,H,1,1,5,2025,Bundesliga 2024 
2025-03-29,Hoffenheim,Augsburg,1,1,13.0,11.0,4.0,4.0,2.0,2.0,D,0,0,2,2025,Bundesliga 2024 
2025-03-29,Holstein Kiel,Werder Bremen,0,3,11.0,14.0,0.0,7.0,3.0,4.0,A,2,-3,3,2025,Bundesliga 2024 
2025-03-29,M'gladbach,RB Leipzig,1,0,16.0,19.0,3.0,3.0,5.0,8.0,H,1,1,1,2025,Bundesliga 2024 
2025-03-29,Wolfsburg,Heidenheim,0,1,11.0,11.0,2.0,4.0,4.0,5.0,A,2,-1,1,2025,Bundesliga 2024 
2025-03-29,Ein Frankfurt,Stuttgart,1,0,19.0,8.0,6.0,2.0,6.0,10.0,H,1,1,1,2025,Bundesliga 2024 
2025-03-30,Freiburg,Union Berlin,1,2,9.0,10.0,3.0,6.0,3.0,3.0,A,2,-1,3,2025,Bundesliga 2024 
2025-03-30,Dortmund,Mainz,3,1,18.0,12.0,7.0,3.0,6.0,4.0,H,1,2,4,2025,Bundesliga 2024 
2025-04-04,Augsburg,Bayern Munich,1,3,6.0,19.0,3.0,7.0,2.0,4.0,A,2,-2,4,2025,Bundesliga 2024 
2025-04-05,Bochum,Stuttgart,0,4,11.0,14.0,2.0,6.0,2.0,4.0,A,2,-4,4,2025,Bundesliga 2024 
2025-04-05,Freiburg,Dortmund,1,4,12.0,18.0,3.0,7.0,3.0,4.0,A,2,-3,5,2025,Bundesliga 2024 
2025-04-05,Heidenheim,Leverkusen,0,1,10.0,6.0,2.0,2.0,4.0,0.0,A,2,-1,1,2025,Bundesliga 2024 
2025-04-05,Mainz,Holstein Kiel,1,1,13.0,10.0,3.0,5.0,4.0,4.0,D,0,0,2,2025,Bundesliga 2024 
2025-04-05,RB Leipzig,Hoffenheim,3,1,16.0,9.0,5.0,5.0,8.0,2.0,H,1,2,4,2025,Bundesliga 2024 
2025-04-05,Werder Bremen,Ein Frankfurt,2,0,12.0,9.0,4.0,0.0,5.0,6.0,H,1,2,2,2025,Bundesliga 2024 
2025-04-06,St Pauli,M'gladbach,1,1,26.0,5.0,9.0,3.0,11.0,2.0,D,0,0,2,2025,Bundesliga 2024 
2025-04-06,Union Berlin,Wolfsburg,1,0,13.0,12.0,3.0,3.0,6.0,4.0,H,1,1,1,2025,Bundesliga 2024 
2025-04-11,Wolfsburg,RB Leipzig,2,3,17.0,16.0,6.0,5.0,8.0,5.0,A,2,-1,5,2025,Bundesliga 2024 
2025-04-12,Bochum,Augsburg,1,2,25.0,12.0,9.0,5.0,7.0,6.0,A,2,-1,3,2025,Bundesliga 2024 
2025-04-12,Hoffenheim,Mainz,2,0,8.0,14.0,5.0,1.0,4.0,7.0,H,1,2,2,2025,Bundesliga 2024 
2025-04-12,Holstein Kiel,St Pauli,1,2,6.0,14.0,2.0,6.0,3.0,3.0,A,2,-1,3,2025,Bundesliga 2024 
2025-04-12,Leverkusen,Union Berlin,0,0,16.0,7.0,3.0,3.0,7.0,3.0,D,0,0,0,2025,Bundesliga 2024 
2025-04-12,M'gladbach,Freiburg,1,2,10.0,19.0,1.0,7.0,4.0,6.0,A,2,-1,3,2025,Bundesliga 2024 
2025-04-12,Bayern Munich,Dortmund,2,2,28.0,11.0,11.0,3.0,6.0,5.0,D,0,0,4,2025,Bundesliga 2024 
2025-04-13,Stuttgart,Werder Bremen,1,2,12.0,14.0,4.0,5.0,3.0,4.0,A,2,-1,3,2025,Bundesliga 2024 
2025-04-13,Ein Frankfurt,Heidenheim,3,0,19.0,14.0,8.0,3.0,5.0,3.0,H,1,3,3,2025,Bundesliga 2024 
2025-04-19,Freiburg,Hoffenheim,3,2,12.0,19.0,6.0,6.0,2.0,6.0,H,1,1,5,2025,Bundesliga 2024 
2025-04-19,Heidenheim,Bayern Munich,0,4,4.0,18.0,1.0,11.0,4.0,4.0,A,2,-4,4,2025,Bundesliga 2024 
2025-04-19,Mainz,Wolfsburg,2,2,18.0,16.0,7.0,4.0,7.0,5.0,D,0,0,4,2025,Bundesliga 2024 
2025-04-19,RB Leipzig,Holstein Kiel,1,1,10.0,13.0,4.0,3.0,9.0,7.0,D,0,0,2,2025,Bundesliga 2024 
2025-04-19,Werder Bremen,Bochum,1,0,14.0,12.0,4.0,1.0,2.0,7.0,H,1,1,1,2025,Bundesliga 2024 
2025-04-19,Union Berlin,Stuttgart,4,4,12.0,13.0,5.0,6.0,3.0,5.0,D,0,0,8,2025,Bundesliga 2024 
2025-04-20,Augsburg,Ein Frankfurt,0,0,13.0,8.0,2.0,5.0,3.0,9.0,D,0,0,0,2025,Bundesliga 2024 
2025-04-20,Dortmund,M'gladbach,3,2,14.0,6.0,6.0,3.0,6.0,2.0,H,1,1,5,2025,Bundesliga 2024 
2025-04-20,St Pauli,Leverkusen,1,1,10.0,6.0,5.0,4.0,4.0,4.0,D,0,0,2,2025,Bundesliga 2024 
2025-04-25,Stuttgart,Heidenheim,0,1,19.0,6.0,3.0,2.0,6.0,5.0,A,2,-1,1,2025,Bundesliga 2024 
2025-04-26,Bayern Munich,Mainz,3,0,14.0,8.0,6.0,3.0,4.0,4.0,H,1,3,3,2025,Bundesliga 2024 
2025-04-26,Hoffenheim,Dortmund,2,3,11.0,16.0,3.0,8.0,2.0,5.0,A,2,-1,5,2025,Bundesliga 2024 
2025-04-26,Holstein Kiel,M'gladbach,4,3,22.0,16.0,11.0,7.0,7.0,8.0,H,1,1,7,2025,Bundesliga 2024 
2025-04-26,Leverkusen,Augsburg,2,0,14.0,11.0,5.0,2.0,3.0,7.0,H,1,2,2,2025,Bundesliga 2024 
2025-04-26,Wolfsburg,Freiburg,0,1,8.0,15.0,1.0,2.0,3.0,2.0,A,2,-1,1,2025,Bundesliga 2024 
2025-04-26,Ein Frankfurt,RB Leipzig,4,0,9.0,7.0,6.0,3.0,8.0,4.0,H,1,4,4,2025,Bundesliga 2024 
2025-04-27,Bochum,Union Berlin,1,1,10.0,5.0,4.0,1.0,10.0,4.0,D,0,0,2,2025,Bundesliga 2024 
2025-04-27,Werder Bremen,St Pauli,0,0,11.0,10.0,2.0,4.0,1.0,3.0,D,0,0,0,2025,Bundesliga 2024 
2025-05-02,Heidenheim,Bochum,0,0,11.0,14.0,3.0,3.0,6.0,4.0,D,0,0,0,2025,Bundesliga 2024 
2025-05-03,M'gladbach,Hoffenheim,4,4,12.0,26.0,7.0,8.0,4.0,7.0,D,0,0,8,2025,Bundesliga 2024 
2025-05-03,RB Leipzig,Bayern Munich,3,3,8.0,20.0,6.0,6.0,2.0,7.0,D,0,0,6,2025,Bundesliga 2024 
2025-05-03,St Pauli,Stuttgart,0,1,6.0,21.0,1.0,8.0,4.0,4.0,A,2,-1,1,2025,Bundesliga 2024 
2025-05-03,Union Berlin,Werder Bremen,2,2,17.0,13.0,7.0,6.0,5.0,5.0,D,0,0,4,2025,Bundesliga 2024 
2025-05-03,Dortmund,Wolfsburg,4,0,11.0,11.0,5.0,2.0,4.0,3.0,H,1,4,4,2025,Bundesliga 2024 
2025-05-04,Augsburg,Holstein Kiel,1,3,27.0,7.0,10.0,5.0,12.0,0.0,A,2,-2,4,2025,Bundesliga 2024 
2025-05-04,Freiburg,Leverkusen,2,2,8.0,5.0,4.0,2.0,4.0,1.0,D,0,0,4,2025,Bundesliga 2024 
2025-05-04,Mainz,Ein Frankfurt,1,1,12.0,8.0,3.0,2.0,8.0,1.0,D,0,0,2,2025,Bundesliga 2024 
2025-05-09,Wolfsburg,Hoffenheim,2,2,14.0,17.0,5.0,7.0,5.0,6.0,D,0,0,4,2025,Bundesliga 2024 
2025-05-10,Bochum,Mainz,1,4,11.0,22.0,6.0,8.0,6.0,6.0,A,2,-3,5,2025,Bundesliga 2024 
2025-05-10,Holstein Kiel,Freiburg,1,2,15.0,9.0,3.0,4.0,2.0,5.0,A,2,-1,3,2025,Bundesliga 2024 
2025-05-10,Union Berlin,Heidenheim,0,3,10.0,8.0,1.0,4.0,1.0,2.0,A,2,-3,3,2025,Bundesliga 2024 
2025-05-10,Werder Bremen,RB Leipzig,0,0,21.0,16.0,6.0,4.0,11.0,4.0,D,0,0,0,2025,Bundesliga 2024 
2025-05-10,Bayern Munich,M'gladbach,2,0,24.0,16.0,9.0,6.0,4.0,9.0,H,1,2,2,2025,Bundesliga 2024 
2025-05-11,Leverkusen,Dortmund,2,4,19.0,9.0,10.0,5.0,12.0,0.0,A,2,-2,6,2025,Bundesliga 2024 
2025-05-11,Ein Frankfurt,St Pauli,2,2,13.0,5.0,5.0,2.0,3.0,1.0,D,0,0,4,2025,Bundesliga 2024 
2025-05-11,Stuttgart,Augsburg,4,0,29.0,7.0,11.0,0.0,11.0,2.0,H,1,4,4,2025,Bundesliga 2024 
2025-05-17,Augsburg,Union Berlin,1,2,19.0,6.0,4.0,4.0,4.0,0.0,A,2,-1,3,2025,Bundesliga 2024 
2025-05-17,Dortmund,Holstein Kiel,3,0,19.0,4.0,6.0,2.0,7.0,1.0,H,1,3,3,2025,Bundesliga 2024 
2025-05-17,Freiburg,Ein Frankfurt,1,3,8.0,11.0,1.0,6.0,4.0,7.0,A,2,-2,4,2025,Bundesliga 2024 
2025-05-17,Heidenheim,Werder Bremen,1,4,21.0,13.0,8.0,7.0,6.0,4.0,A,2,-3,5,2025,Bundesliga 2024 
2025-05-17,Hoffenheim,Bayern Munich,0,4,6.0,14.0,2.0,5.0,1.0,4.0,A,2,-4,4,2025,Bundesliga 2024 
2025-05-17,Mainz,Leverkusen,2,2,20.0,7.0,6.0,4.0,7.0,3.0,D,0,0,4,2025,Bundesliga 2024 
2025-05-17,M'gladbach,Wolfsburg,0,1,16.0,17.0,3.0,6.0,7.0,10.0,A,2,-1,1,2025,Bundesliga 2024 
2025-05-17,RB Leipzig,Stuttgart,2,3,8.0,15.0,5.0,7.0,5.0,8.0,A,2,-1,5,2025,Bundesliga 2024 
2025-05-17,St Pauli,Bochum,0,2,10.0,9.0,2.0,6.0,7.0,4.0,A,2,-2,2,2025,Bundesliga 2024 
