date,hometeam,awayteam,fthg,ftag,hs,as,hst,ast,hc,ac,match_result,result_numeric,goal_difference,total_goals,season,league
2019-08-09,Liverpool,Norwich,4,1,15.0,12.0,7.0,5.0,11.0,2.0,H,1,3,5,2020,Premier League 2019 
2019-08-10,West Ham,Man City,0,5,5.0,14.0,3.0,9.0,1.0,1.0,A,2,-5,5,2020,Premier League 2019 
2019-08-10,Bournemouth,Sheffield United,1,1,13.0,8.0,3.0,3.0,3.0,4.0,D,0,0,2,2020,Premier League 2019 
2019-08-10,Burnley,Southampton,3,0,10.0,11.0,4.0,3.0,2.0,7.0,H,1,3,3,2020,Premier League 2019 
2019-08-10,Crystal Palace,Everton,0,0,6.0,10.0,2.0,3.0,6.0,2.0,D,0,0,0,2020,Premier League 2019 
2019-08-10,Watford,Brighton,0,3,11.0,5.0,3.0,3.0,5.0,2.0,A,2,-3,3,2020,Premier League 2019 
2019-08-10,Tottenham,Aston Villa,3,1,31.0,7.0,7.0,4.0,14.0,0.0,H,1,2,4,2020,Premier League 2019 
2019-08-11,Leicester,Wolves,0,0,15.0,8.0,1.0,2.0,12.0,3.0,D,0,0,0,2020,Premier League 2019 
2019-08-11,Newcastle,Arsenal,0,1,9.0,8.0,2.0,2.0,5.0,3.0,A,2,-1,1,2020,Premier League 2019 
2019-08-11,Man United,Chelsea,4,0,11.0,18.0,5.0,7.0,3.0,5.0,H,1,4,4,2020,Premier League 2019 
2019-08-17,Arsenal,Burnley,2,1,16.0,18.0,9.0,5.0,10.0,7.0,H,1,1,3,2020,Premier League 2019 
2019-08-17,Aston Villa,Bournemouth,1,2,22.0,12.0,7.0,4.0,10.0,5.0,A,2,-1,3,2020,Premier League 2019 
2019-08-17,Brighton,West Ham,1,1,16.0,8.0,4.0,3.0,8.0,6.0,D,0,0,2,2020,Premier League 2019 
2019-08-17,Everton,Watford,1,0,12.0,8.0,2.0,2.0,4.0,7.0,H,1,1,1,2020,Premier League 2019 
2019-08-17,Norwich,Newcastle,3,1,15.0,10.0,8.0,3.0,7.0,5.0,H,1,2,4,2020,Premier League 2019 
2019-08-17,Southampton,Liverpool,1,2,14.0,15.0,3.0,6.0,5.0,9.0,A,2,-1,3,2020,Premier League 2019 
2019-08-17,Man City,Tottenham,2,2,30.0,3.0,10.0,2.0,13.0,2.0,D,0,0,4,2020,Premier League 2019 
2019-08-18,Sheffield United,Crystal Palace,1,0,15.0,6.0,3.0,4.0,8.0,4.0,H,1,1,1,2020,Premier League 2019 
2019-08-18,Chelsea,Leicester,1,1,14.0,12.0,5.0,3.0,4.0,5.0,D,0,0,2,2020,Premier League 2019 
2019-08-19,Wolves,Man United,1,1,6.0,9.0,2.0,2.0,4.0,6.0,D,0,0,2,2020,Premier League 2019 
2019-08-23,Aston Villa,Everton,2,0,7.0,12.0,3.0,1.0,0.0,6.0,H,1,2,2,2020,Premier League 2019 
2019-08-24,Norwich,Chelsea,2,3,6.0,23.0,5.0,8.0,1.0,8.0,A,2,-1,5,2020,Premier League 2019 
2019-08-24,Brighton,Southampton,0,2,12.0,12.0,3.0,4.0,8.0,5.0,A,2,-2,2,2020,Premier League 2019 
2019-08-24,Man United,Crystal Palace,1,2,22.0,5.0,3.0,3.0,8.0,1.0,A,2,-1,3,2020,Premier League 2019 
2019-08-24,Sheffield United,Leicester,1,2,8.0,10.0,3.0,2.0,7.0,4.0,A,2,-1,3,2020,Premier League 2019 
2019-08-24,Watford,West Ham,1,3,23.0,16.0,3.0,10.0,8.0,7.0,A,2,-2,4,2020,Premier League 2019 
2019-08-24,Liverpool,Arsenal,3,1,25.0,9.0,5.0,3.0,6.0,4.0,H,1,2,4,2020,Premier League 2019 
2019-08-25,Bournemouth,Man City,1,3,10.0,19.0,7.0,5.0,4.0,5.0,A,2,-2,4,2020,Premier League 2019 
2019-08-25,Tottenham,Newcastle,0,1,17.0,8.0,2.0,3.0,6.0,6.0,A,2,-1,1,2020,Premier League 2019 
2019-08-25,Wolves,Burnley,1,1,17.0,13.0,2.0,4.0,4.0,3.0,D,0,0,2,2020,Premier League 2019 
2019-08-31,Southampton,Man United,1,1,10.0,21.0,2.0,8.0,2.0,3.0,D,0,0,2,2020,Premier League 2019 
2019-08-31,Chelsea,Sheffield United,2,2,13.0,8.0,5.0,2.0,3.0,4.0,D,0,0,4,2020,Premier League 2019 
2019-08-31,Crystal Palace,Aston Villa,1,0,22.0,10.0,5.0,2.0,13.0,2.0,H,1,1,1,2020,Premier League 2019 
2019-08-31,Leicester,Bournemouth,3,1,13.0,8.0,5.0,2.0,4.0,5.0,H,1,2,4,2020,Premier League 2019 
2019-08-31,Man City,Brighton,4,0,15.0,6.0,6.0,2.0,8.0,1.0,H,1,4,4,2020,Premier League 2019 
2019-08-31,Newcastle,Watford,1,1,13.0,13.0,5.0,3.0,6.0,5.0,D,0,0,2,2020,Premier League 2019 
2019-08-31,West Ham,Norwich,2,0,18.0,8.0,8.0,3.0,8.0,2.0,H,1,2,2,2020,Premier League 2019 
2019-08-31,Burnley,Liverpool,0,3,7.0,15.0,2.0,7.0,6.0,4.0,A,2,-3,3,2020,Premier League 2019 
2019-09-01,Everton,Wolves,3,2,15.0,8.0,6.0,5.0,7.0,7.0,H,1,1,5,2020,Premier League 2019 
2019-09-01,Arsenal,Tottenham,2,2,26.0,13.0,8.0,9.0,11.0,6.0,D,0,0,4,2020,Premier League 2019 
2019-09-14,Liverpool,Newcastle,3,1,21.0,8.0,9.0,1.0,10.0,1.0,H,1,2,4,2020,Premier League 2019 
2019-09-14,Brighton,Burnley,1,1,14.0,7.0,5.0,1.0,3.0,6.0,D,0,0,2,2020,Premier League 2019 
2019-09-14,Man United,Leicester,1,0,10.0,9.0,5.0,3.0,3.0,9.0,H,1,1,1,2020,Premier League 2019 
2019-09-14,Sheffield United,Southampton,0,1,17.0,11.0,4.0,7.0,12.0,6.0,A,2,-1,1,2020,Premier League 2019 
2019-09-14,Tottenham,Crystal Palace,4,0,13.0,11.0,5.0,6.0,4.0,3.0,H,1,4,4,2020,Premier League 2019 
2019-09-14,Wolves,Chelsea,2,5,11.0,15.0,4.0,6.0,7.0,5.0,A,2,-3,7,2020,Premier League 2019 
2019-09-14,Norwich,Man City,3,2,7.0,25.0,3.0,8.0,3.0,16.0,H,1,1,5,2020,Premier League 2019 
2019-09-15,Bournemouth,Everton,3,1,13.0,14.0,6.0,5.0,7.0,7.0,H,1,2,4,2020,Premier League 2019 
2019-09-15,Watford,Arsenal,2,2,31.0,10.0,7.0,4.0,7.0,1.0,D,0,0,4,2020,Premier League 2019 
2019-09-16,Aston Villa,West Ham,0,0,10.0,13.0,5.0,1.0,2.0,4.0,D,0,0,0,2020,Premier League 2019 
2019-09-20,Southampton,Bournemouth,1,3,25.0,6.0,6.0,3.0,4.0,5.0,A,2,-2,4,2020,Premier League 2019 
2019-09-21,Leicester,Tottenham,2,1,16.0,11.0,7.0,4.0,8.0,2.0,H,1,1,3,2020,Premier League 2019 
2019-09-21,Burnley,Norwich,2,0,13.0,11.0,6.0,2.0,7.0,3.0,H,1,2,2,2020,Premier League 2019 
2019-09-21,Everton,Sheffield United,0,2,16.0,2.0,3.0,1.0,12.0,3.0,A,2,-2,2,2020,Premier League 2019 
2019-09-21,Man City,Watford,8,0,28.0,5.0,11.0,4.0,5.0,4.0,H,1,8,8,2020,Premier League 2019 
2019-09-21,Newcastle,Brighton,0,0,11.0,16.0,4.0,3.0,5.0,3.0,D,0,0,0,2020,Premier League 2019 
2019-09-22,Crystal Palace,Wolves,1,1,13.0,14.0,4.0,4.0,6.0,7.0,D,0,0,2,2020,Premier League 2019 
2019-09-22,West Ham,Man United,2,0,8.0,9.0,6.0,3.0,3.0,7.0,H,1,2,2,2020,Premier League 2019 
2019-09-22,Arsenal,Aston Villa,3,2,21.0,14.0,6.0,9.0,9.0,4.0,H,1,1,5,2020,Premier League 2019 
2019-09-22,Chelsea,Liverpool,1,2,13.0,6.0,2.0,3.0,6.0,4.0,A,2,-1,3,2020,Premier League 2019 
2019-09-28,Sheffield United,Liverpool,0,1,12.0,16.0,2.0,4.0,6.0,5.0,A,2,-1,1,2020,Premier League 2019 
2019-09-28,Aston Villa,Burnley,2,2,16.0,10.0,3.0,3.0,7.0,3.0,D,0,0,4,2020,Premier League 2019 
2019-09-28,Bournemouth,West Ham,2,2,13.0,17.0,5.0,6.0,6.0,6.0,D,0,0,4,2020,Premier League 2019 
2019-09-28,Chelsea,Brighton,2,0,24.0,8.0,10.0,1.0,5.0,2.0,H,1,2,2,2020,Premier League 2019 
2019-09-28,Crystal Palace,Norwich,2,0,15.0,10.0,3.0,3.0,5.0,5.0,H,1,2,2,2020,Premier League 2019 
2019-09-28,Tottenham,Southampton,2,1,9.0,14.0,4.0,6.0,6.0,6.0,H,1,1,3,2020,Premier League 2019 
2019-09-28,Wolves,Watford,2,0,6.0,14.0,2.0,5.0,1.0,6.0,H,1,2,2,2020,Premier League 2019 
2019-09-28,Everton,Man City,1,3,12.0,20.0,8.0,9.0,5.0,2.0,A,2,-2,4,2020,Premier League 2019 
2019-09-29,Leicester,Newcastle,5,0,13.0,3.0,5.0,0.0,9.0,0.0,H,1,5,5,2020,Premier League 2019 
2019-09-30,Man United,Arsenal,1,1,16.0,10.0,4.0,5.0,8.0,7.0,D,0,0,2,2020,Premier League 2019 
2019-10-05,Brighton,Tottenham,3,0,17.0,8.0,6.0,3.0,4.0,4.0,H,1,3,3,2020,Premier League 2019 
2019-10-05,Burnley,Everton,1,0,9.0,11.0,3.0,2.0,7.0,9.0,H,1,1,1,2020,Premier League 2019 
2019-10-05,Liverpool,Leicester,2,1,18.0,2.0,8.0,1.0,4.0,6.0,H,1,1,3,2020,Premier League 2019 
2019-10-05,Norwich,Aston Villa,1,5,21.0,22.0,5.0,12.0,10.0,6.0,A,2,-4,6,2020,Premier League 2019 
2019-10-05,Watford,Sheffield United,0,0,8.0,9.0,2.0,3.0,7.0,7.0,D,0,0,0,2020,Premier League 2019 
2019-10-05,West Ham,Crystal Palace,1,2,9.0,7.0,4.0,4.0,2.0,2.0,A,2,-1,3,2020,Premier League 2019 
2019-10-06,Arsenal,Bournemouth,1,0,12.0,10.0,2.0,2.0,14.0,5.0,H,1,1,1,2020,Premier League 2019 
2019-10-06,Man City,Wolves,0,2,18.0,7.0,2.0,2.0,9.0,1.0,A,2,-2,2,2020,Premier League 2019 
2019-10-06,Southampton,Chelsea,1,4,10.0,13.0,3.0,7.0,3.0,4.0,A,2,-3,5,2020,Premier League 2019 
2019-10-06,Newcastle,Man United,1,0,12.0,12.0,2.0,3.0,4.0,6.0,H,1,1,1,2020,Premier League 2019 
2019-10-19,Everton,West Ham,2,0,19.0,8.0,10.0,4.0,11.0,2.0,H,1,2,2,2020,Premier League 2019 
2019-10-19,Aston Villa,Brighton,2,1,24.0,20.0,8.0,5.0,7.0,5.0,H,1,1,3,2020,Premier League 2019 
2019-10-19,Bournemouth,Norwich,0,0,11.0,10.0,2.0,1.0,6.0,7.0,D,0,0,0,2020,Premier League 2019 
2019-10-19,Chelsea,Newcastle,1,0,16.0,5.0,8.0,0.0,11.0,0.0,H,1,1,1,2020,Premier League 2019 
2019-10-19,Leicester,Burnley,2,1,19.0,13.0,3.0,4.0,9.0,4.0,H,1,1,3,2020,Premier League 2019 
2019-10-19,Tottenham,Watford,1,1,12.0,7.0,2.0,2.0,11.0,2.0,D,0,0,2,2020,Premier League 2019 
2019-10-19,Wolves,Southampton,1,1,4.0,14.0,1.0,5.0,1.0,3.0,D,0,0,2,2020,Premier League 2019 
2019-10-19,Crystal Palace,Man City,0,2,7.0,21.0,2.0,10.0,1.0,8.0,A,2,-2,2,2020,Premier League 2019 
2019-10-20,Man United,Liverpool,1,1,7.0,10.0,2.0,4.0,3.0,1.0,D,0,0,2,2020,Premier League 2019 
2019-10-21,Sheffield United,Arsenal,1,0,8.0,9.0,2.0,3.0,7.0,12.0,H,1,1,1,2020,Premier League 2019 
2019-10-25,Southampton,Leicester,0,9,6.0,25.0,3.0,15.0,2.0,7.0,A,2,-9,9,2020,Premier League 2019 
2019-10-26,Man City,Aston Villa,3,0,25.0,11.0,9.0,5.0,13.0,7.0,H,1,3,3,2020,Premier League 2019 
2019-10-26,Brighton,Everton,3,2,8.0,10.0,4.0,6.0,0.0,5.0,H,1,1,5,2020,Premier League 2019 
2019-10-26,Watford,Bournemouth,0,0,7.0,15.0,3.0,5.0,5.0,10.0,D,0,0,0,2020,Premier League 2019 
2019-10-26,West Ham,Sheffield United,1,1,12.0,10.0,4.0,4.0,10.0,4.0,D,0,0,2,2020,Premier League 2019 
2019-10-26,Burnley,Chelsea,2,4,13.0,16.0,5.0,7.0,5.0,6.0,A,2,-2,6,2020,Premier League 2019 
2019-10-27,Newcastle,Wolves,1,1,13.0,13.0,2.0,5.0,3.0,6.0,D,0,0,2,2020,Premier League 2019 
2019-10-27,Arsenal,Crystal Palace,2,2,15.0,10.0,6.0,4.0,12.0,5.0,D,0,0,4,2020,Premier League 2019 
2019-10-27,Liverpool,Tottenham,2,1,21.0,11.0,13.0,4.0,8.0,3.0,H,1,1,3,2020,Premier League 2019 
2019-10-27,Norwich,Man United,1,3,10.0,21.0,3.0,11.0,1.0,10.0,A,2,-2,4,2020,Premier League 2019 
2019-11-02,Bournemouth,Man United,1,0,12.0,15.0,6.0,4.0,4.0,10.0,H,1,1,1,2020,Premier League 2019 
2019-11-02,Arsenal,Wolves,1,1,10.0,25.0,4.0,8.0,8.0,9.0,D,0,0,2,2020,Premier League 2019 
2019-11-02,Aston Villa,Liverpool,1,2,5.0,25.0,2.0,6.0,2.0,10.0,A,2,-1,3,2020,Premier League 2019 
2019-11-02,Brighton,Norwich,2,0,21.0,7.0,5.0,0.0,8.0,3.0,H,1,2,2,2020,Premier League 2019 
2019-11-02,Man City,Southampton,2,1,26.0,3.0,4.0,3.0,17.0,0.0,H,1,1,3,2020,Premier League 2019 
2019-11-02,Sheffield United,Burnley,3,0,13.0,6.0,6.0,0.0,7.0,6.0,H,1,3,3,2020,Premier League 2019 
2019-11-02,West Ham,Newcastle,2,3,16.0,12.0,6.0,9.0,7.0,3.0,A,2,-1,5,2020,Premier League 2019 
2019-11-02,Watford,Chelsea,1,2,12.0,16.0,3.0,10.0,1.0,6.0,A,2,-1,3,2020,Premier League 2019 
2019-11-03,Crystal Palace,Leicester,0,2,12.0,14.0,3.0,5.0,5.0,6.0,A,2,-2,2,2020,Premier League 2019 
2019-11-03,Everton,Tottenham,1,1,7.0,4.0,3.0,2.0,5.0,2.0,D,0,0,2,2020,Premier League 2019 
2019-11-08,Norwich,Watford,0,2,17.0,12.0,5.0,2.0,10.0,4.0,A,2,-2,2,2020,Premier League 2019 
2019-11-09,Chelsea,Crystal Palace,2,0,23.0,3.0,5.0,1.0,7.0,0.0,H,1,2,2,2020,Premier League 2019 
2019-11-09,Burnley,West Ham,3,0,14.0,7.0,12.0,4.0,11.0,4.0,H,1,3,3,2020,Premier League 2019 
2019-11-09,Newcastle,Bournemouth,2,1,20.0,16.0,9.0,3.0,5.0,4.0,H,1,1,3,2020,Premier League 2019 
2019-11-09,Southampton,Everton,1,2,4.0,24.0,3.0,5.0,5.0,9.0,A,2,-1,3,2020,Premier League 2019 
2019-11-09,Tottenham,Sheffield United,1,1,17.0,14.0,5.0,4.0,4.0,4.0,D,0,0,2,2020,Premier League 2019 
2019-11-09,Leicester,Arsenal,2,0,19.0,8.0,7.0,1.0,5.0,4.0,H,1,2,2,2020,Premier League 2019 
2019-11-10,Man United,Brighton,3,1,21.0,6.0,11.0,2.0,5.0,2.0,H,1,2,4,2020,Premier League 2019 
2019-11-10,Wolves,Aston Villa,2,1,17.0,13.0,5.0,4.0,6.0,3.0,H,1,1,3,2020,Premier League 2019 
2019-11-10,Liverpool,Man City,3,1,12.0,18.0,5.0,3.0,4.0,13.0,H,1,2,4,2020,Premier League 2019 
2019-11-23,West Ham,Tottenham,2,3,11.0,15.0,4.0,6.0,3.0,7.0,A,2,-1,5,2020,Premier League 2019 
2019-11-23,Arsenal,Southampton,2,2,12.0,21.0,5.0,6.0,6.0,8.0,D,0,0,4,2020,Premier League 2019 
2019-11-23,Bournemouth,Wolves,1,2,9.0,17.0,2.0,7.0,5.0,9.0,A,2,-1,3,2020,Premier League 2019 
2019-11-23,Brighton,Leicester,0,2,7.0,19.0,0.0,9.0,6.0,7.0,A,2,-2,2,2020,Premier League 2019 
2019-11-23,Crystal Palace,Liverpool,1,2,16.0,12.0,6.0,4.0,9.0,8.0,A,2,-1,3,2020,Premier League 2019 
2019-11-23,Everton,Norwich,0,2,18.0,13.0,7.0,5.0,7.0,7.0,A,2,-2,2,2020,Premier League 2019 
2019-11-23,Watford,Burnley,0,3,15.0,11.0,4.0,5.0,7.0,5.0,A,2,-3,3,2020,Premier League 2019 
2019-11-23,Man City,Chelsea,2,1,15.0,11.0,4.0,2.0,8.0,2.0,H,1,1,3,2020,Premier League 2019 
2019-11-24,Sheffield United,Man United,3,3,12.0,11.0,8.0,5.0,6.0,3.0,D,0,0,6,2020,Premier League 2019 
2019-11-25,Aston Villa,Newcastle,2,0,17.0,11.0,8.0,5.0,11.0,6.0,H,1,2,2,2020,Premier League 2019 
2019-11-30,Newcastle,Man City,2,2,6.0,24.0,3.0,9.0,1.0,10.0,D,0,0,4,2020,Premier League 2019 
2019-11-30,Burnley,Crystal Palace,0,2,15.0,7.0,4.0,2.0,5.0,6.0,A,2,-2,2,2020,Premier League 2019 
2019-11-30,Chelsea,West Ham,0,1,19.0,5.0,6.0,4.0,9.0,3.0,A,2,-1,1,2020,Premier League 2019 
2019-11-30,Liverpool,Brighton,2,1,15.0,12.0,7.0,5.0,4.0,5.0,H,1,1,3,2020,Premier League 2019 
2019-11-30,Tottenham,Bournemouth,3,2,15.0,20.0,5.0,6.0,4.0,8.0,H,1,1,5,2020,Premier League 2019 
2019-11-30,Southampton,Watford,2,1,11.0,6.0,6.0,3.0,6.0,7.0,H,1,1,3,2020,Premier League 2019 
2019-12-01,Norwich,Arsenal,2,2,15.0,16.0,8.0,7.0,7.0,12.0,D,0,0,4,2020,Premier League 2019 
2019-12-01,Wolves,Sheffield United,1,1,13.0,9.0,3.0,4.0,7.0,2.0,D,0,0,2,2020,Premier League 2019 
2019-12-01,Leicester,Everton,2,1,16.0,11.0,6.0,3.0,4.0,4.0,H,1,1,3,2020,Premier League 2019 
2019-12-01,Man United,Aston Villa,2,2,16.0,9.0,6.0,3.0,9.0,9.0,D,0,0,4,2020,Premier League 2019 
2019-12-03,Crystal Palace,Bournemouth,1,0,7.0,6.0,2.0,3.0,6.0,9.0,H,1,1,1,2020,Premier League 2019 
2019-12-03,Burnley,Man City,1,4,4.0,17.0,2.0,8.0,3.0,6.0,A,2,-3,5,2020,Premier League 2019 
2019-12-04,Chelsea,Aston Villa,2,1,25.0,9.0,9.0,3.0,9.0,5.0,H,1,1,3,2020,Premier League 2019 
2019-12-04,Leicester,Watford,2,0,12.0,4.0,6.0,1.0,7.0,2.0,H,1,2,2,2020,Premier League 2019 
2019-12-04,Man United,Tottenham,2,1,12.0,8.0,7.0,5.0,4.0,3.0,H,1,1,3,2020,Premier League 2019 
2019-12-04,Southampton,Norwich,2,1,14.0,10.0,5.0,3.0,6.0,1.0,H,1,1,3,2020,Premier League 2019 
2019-12-04,Wolves,West Ham,2,0,13.0,6.0,7.0,3.0,5.0,4.0,H,1,2,2,2020,Premier League 2019 
2019-12-04,Liverpool,Everton,5,2,11.0,12.0,5.0,4.0,5.0,6.0,H,1,3,7,2020,Premier League 2019 
2019-12-05,Sheffield United,Newcastle,0,2,13.0,6.0,6.0,4.0,8.0,1.0,A,2,-2,2,2020,Premier League 2019 
2019-12-05,Arsenal,Brighton,1,2,12.0,20.0,5.0,9.0,9.0,9.0,A,2,-1,3,2020,Premier League 2019 
2019-12-07,Everton,Chelsea,3,1,13.0,15.0,7.0,4.0,1.0,5.0,H,1,2,4,2020,Premier League 2019 
2019-12-07,Bournemouth,Liverpool,0,3,3.0,21.0,0.0,9.0,1.0,3.0,A,2,-3,3,2020,Premier League 2019 
2019-12-07,Tottenham,Burnley,5,0,13.0,7.0,7.0,1.0,1.0,1.0,H,1,5,5,2020,Premier League 2019 
2019-12-07,Watford,Crystal Palace,0,0,13.0,3.0,3.0,0.0,6.0,2.0,D,0,0,0,2020,Premier League 2019 
2019-12-07,Man City,Man United,1,2,22.0,11.0,5.0,7.0,16.0,3.0,A,2,-1,3,2020,Premier League 2019 
2019-12-08,Aston Villa,Leicester,1,4,15.0,23.0,2.0,8.0,8.0,5.0,A,2,-3,5,2020,Premier League 2019 
2019-12-08,Newcastle,Southampton,2,1,12.0,19.0,6.0,4.0,3.0,12.0,H,1,1,3,2020,Premier League 2019 
2019-12-08,Norwich,Sheffield United,1,2,14.0,9.0,4.0,3.0,9.0,1.0,A,2,-1,3,2020,Premier League 2019 
2019-12-08,Brighton,Wolves,2,2,13.0,13.0,4.0,5.0,3.0,4.0,D,0,0,4,2020,Premier League 2019 
2019-12-09,West Ham,Arsenal,1,3,11.0,10.0,4.0,3.0,4.0,3.0,A,2,-2,4,2020,Premier League 2019 
2019-12-14,Liverpool,Watford,2,0,16.0,8.0,6.0,2.0,6.0,3.0,H,1,2,2,2020,Premier League 2019 
2019-12-14,Burnley,Newcastle,1,0,7.0,9.0,4.0,0.0,4.0,3.0,H,1,1,1,2020,Premier League 2019 
2019-12-14,Chelsea,Bournemouth,0,1,18.0,11.0,5.0,2.0,9.0,4.0,A,2,-1,1,2020,Premier League 2019 
2019-12-14,Leicester,Norwich,1,1,18.0,10.0,5.0,3.0,12.0,4.0,D,0,0,2,2020,Premier League 2019 
2019-12-14,Sheffield United,Aston Villa,2,0,7.0,8.0,3.0,0.0,3.0,2.0,H,1,2,2,2020,Premier League 2019 
2019-12-14,Southampton,West Ham,0,1,11.0,11.0,2.0,4.0,5.0,8.0,A,2,-1,1,2020,Premier League 2019 
2019-12-15,Man United,Everton,1,1,24.0,8.0,8.0,3.0,6.0,5.0,D,0,0,2,2020,Premier League 2019 
2019-12-15,Wolves,Tottenham,1,2,18.0,9.0,5.0,5.0,11.0,2.0,A,2,-1,3,2020,Premier League 2019 
2019-12-15,Arsenal,Man City,0,3,6.0,14.0,1.0,7.0,3.0,3.0,A,2,-3,3,2020,Premier League 2019 
2019-12-16,Crystal Palace,Brighton,1,1,11.0,15.0,4.0,10.0,3.0,7.0,D,0,0,2,2020,Premier League 2019 
2019-12-21,Everton,Arsenal,0,0,9.0,6.0,0.0,2.0,5.0,4.0,D,0,0,0,2020,Premier League 2019 
2019-12-21,Aston Villa,Southampton,1,3,19.0,17.0,6.0,8.0,7.0,5.0,A,2,-2,4,2020,Premier League 2019 
2019-12-21,Bournemouth,Burnley,0,1,3.0,2.0,0.0,1.0,4.0,5.0,A,2,-1,1,2020,Premier League 2019 
2019-12-21,Brighton,Sheffield United,0,1,9.0,7.0,2.0,2.0,4.0,3.0,A,2,-1,1,2020,Premier League 2019 
2019-12-21,Newcastle,Crystal Palace,1,0,8.0,16.0,3.0,4.0,4.0,5.0,H,1,1,1,2020,Premier League 2019 
2019-12-21,Norwich,Wolves,1,2,13.0,14.0,7.0,4.0,3.0,11.0,A,2,-1,3,2020,Premier League 2019 
2019-12-21,Man City,Leicester,3,1,23.0,5.0,12.0,2.0,6.0,1.0,H,1,2,4,2020,Premier League 2019 
2019-12-22,Watford,Man United,2,0,11.0,17.0,3.0,8.0,3.0,5.0,H,1,2,2,2020,Premier League 2019 
2019-12-22,Tottenham,Chelsea,0,2,5.0,13.0,1.0,3.0,3.0,5.0,A,2,-2,2,2020,Premier League 2019 
2019-12-26,Tottenham,Brighton,2,1,11.0,11.0,5.0,5.0,9.0,2.0,H,1,1,3,2020,Premier League 2019 
2019-12-26,Aston Villa,Norwich,1,0,11.0,16.0,2.0,6.0,5.0,8.0,H,1,1,1,2020,Premier League 2019 
2019-12-26,Bournemouth,Arsenal,1,1,12.0,17.0,4.0,2.0,8.0,3.0,D,0,0,2,2020,Premier League 2019 
2019-12-26,Chelsea,Southampton,0,2,10.0,5.0,3.0,3.0,8.0,1.0,A,2,-2,2,2020,Premier League 2019 
2019-12-26,Crystal Palace,West Ham,2,1,13.0,10.0,4.0,2.0,7.0,6.0,H,1,1,3,2020,Premier League 2019 
2019-12-26,Everton,Burnley,1,0,21.0,6.0,5.0,0.0,10.0,2.0,H,1,1,1,2020,Premier League 2019 
2019-12-26,Sheffield United,Watford,1,1,16.0,5.0,4.0,2.0,9.0,1.0,D,0,0,2,2020,Premier League 2019 
2019-12-26,Man United,Newcastle,4,1,22.0,7.0,10.0,2.0,5.0,0.0,H,1,3,5,2020,Premier League 2019 
2019-12-26,Leicester,Liverpool,0,4,3.0,15.0,0.0,6.0,2.0,8.0,A,2,-4,4,2020,Premier League 2019 
2019-12-27,Wolves,Man City,3,2,20.0,7.0,8.0,3.0,3.0,1.0,H,1,1,5,2020,Premier League 2019 
2019-12-28,Brighton,Bournemouth,2,0,16.0,10.0,6.0,2.0,9.0,2.0,H,1,2,2,2020,Premier League 2019 
2019-12-28,Newcastle,Everton,1,2,20.0,22.0,5.0,9.0,5.0,8.0,A,2,-1,3,2020,Premier League 2019 
2019-12-28,Southampton,Crystal Palace,1,1,14.0,5.0,5.0,2.0,12.0,4.0,D,0,0,2,2020,Premier League 2019 
2019-12-28,Watford,Aston Villa,3,0,20.0,11.0,6.0,2.0,6.0,3.0,H,1,3,3,2020,Premier League 2019 
2019-12-28,Norwich,Tottenham,2,2,5.0,15.0,2.0,7.0,4.0,6.0,D,0,0,4,2020,Premier League 2019 
2019-12-28,West Ham,Leicester,1,2,14.0,13.0,4.0,8.0,5.0,5.0,A,2,-1,3,2020,Premier League 2019 
2019-12-28,Burnley,Man United,0,2,8.0,14.0,1.0,5.0,5.0,4.0,A,2,-2,2,2020,Premier League 2019 
2019-12-29,Arsenal,Chelsea,1,2,7.0,13.0,2.0,4.0,2.0,3.0,A,2,-1,3,2020,Premier League 2019 
2019-12-29,Liverpool,Wolves,1,0,10.0,10.0,3.0,2.0,5.0,6.0,H,1,1,1,2020,Premier League 2019 
2019-12-29,Man City,Sheffield United,2,0,16.0,8.0,4.0,0.0,8.0,5.0,H,1,2,2,2020,Premier League 2019 
2020-01-01,Brighton,Chelsea,1,1,16.0,16.0,5.0,5.0,5.0,3.0,D,0,0,2,2020,Premier League 2019 
2020-01-01,Burnley,Aston Villa,1,2,20.0,11.0,1.0,6.0,8.0,4.0,A,2,-1,3,2020,Premier League 2019 
2020-01-01,Newcastle,Leicester,0,3,5.0,17.0,2.0,10.0,4.0,5.0,A,2,-3,3,2020,Premier League 2019 
2020-01-01,Southampton,Tottenham,1,0,12.0,11.0,3.0,5.0,6.0,9.0,H,1,1,1,2020,Premier League 2019 
2020-01-01,Watford,Wolves,2,1,9.0,16.0,3.0,4.0,4.0,7.0,H,1,1,3,2020,Premier League 2019 
2020-01-01,Man City,Everton,2,1,16.0,7.0,7.0,2.0,3.0,6.0,H,1,1,3,2020,Premier League 2019 
2020-01-01,Norwich,Crystal Palace,1,1,15.0,12.0,4.0,3.0,2.0,5.0,D,0,0,2,2020,Premier League 2019 
2020-01-01,West Ham,Bournemouth,4,0,14.0,3.0,7.0,2.0,9.0,2.0,H,1,4,4,2020,Premier League 2019 
2020-01-01,Arsenal,Man United,2,0,10.0,10.0,4.0,4.0,1.0,4.0,H,1,2,2,2020,Premier League 2019 
2020-01-02,Liverpool,Sheffield United,2,0,19.0,3.0,7.0,2.0,8.0,4.0,H,1,2,2,2020,Premier League 2019 
2020-01-10,Sheffield United,West Ham,1,0,13.0,7.0,3.0,2.0,7.0,3.0,H,1,1,1,2020,Premier League 2019 
2020-01-11,Crystal Palace,Arsenal,1,1,6.0,7.0,3.0,4.0,1.0,4.0,D,0,0,2,2020,Premier League 2019 
2020-01-11,Chelsea,Burnley,3,0,18.0,7.0,8.0,2.0,10.0,3.0,H,1,3,3,2020,Premier League 2019 
2020-01-11,Everton,Brighton,1,0,14.0,9.0,6.0,2.0,4.0,3.0,H,1,1,1,2020,Premier League 2019 
2020-01-11,Leicester,Southampton,1,2,5.0,16.0,5.0,10.0,2.0,4.0,A,2,-1,3,2020,Premier League 2019 
2020-01-11,Man United,Norwich,4,0,13.0,8.0,6.0,3.0,4.0,2.0,H,1,4,4,2020,Premier League 2019 
2020-01-11,Wolves,Newcastle,1,1,9.0,5.0,4.0,1.0,5.0,2.0,D,0,0,2,2020,Premier League 2019 
2020-01-11,Tottenham,Liverpool,0,1,14.0,13.0,4.0,7.0,4.0,3.0,A,2,-1,1,2020,Premier League 2019 
2020-01-12,Bournemouth,Watford,0,3,10.0,18.0,1.0,6.0,5.0,5.0,A,2,-3,3,2020,Premier League 2019 
2020-01-12,Aston Villa,Man City,1,6,7.0,22.0,1.0,12.0,2.0,4.0,A,2,-5,7,2020,Premier League 2019 
2020-01-18,Watford,Tottenham,0,0,15.0,17.0,2.0,5.0,3.0,3.0,D,0,0,0,2020,Premier League 2019 
2020-01-18,Arsenal,Sheffield United,1,1,11.0,12.0,4.0,4.0,4.0,5.0,D,0,0,2,2020,Premier League 2019 
2020-01-18,Brighton,Aston Villa,1,1,10.0,8.0,2.0,3.0,3.0,4.0,D,0,0,2,2020,Premier League 2019 
2020-01-18,Man City,Crystal Palace,2,2,25.0,5.0,6.0,3.0,14.0,2.0,D,0,0,4,2020,Premier League 2019 
2020-01-18,Norwich,Bournemouth,1,0,16.0,6.0,5.0,3.0,4.0,5.0,H,1,1,1,2020,Premier League 2019 
2020-01-18,Southampton,Wolves,2,3,11.0,8.0,5.0,4.0,1.0,3.0,A,2,-1,5,2020,Premier League 2019 
2020-01-18,West Ham,Everton,1,1,12.0,11.0,6.0,3.0,7.0,6.0,D,0,0,2,2020,Premier League 2019 
2020-01-18,Newcastle,Chelsea,1,0,7.0,19.0,2.0,4.0,1.0,10.0,H,1,1,1,2020,Premier League 2019 
2020-01-19,Burnley,Leicester,2,1,8.0,18.0,5.0,8.0,4.0,5.0,H,1,1,3,2020,Premier League 2019 
2020-01-19,Liverpool,Man United,2,0,16.0,9.0,5.0,4.0,11.0,5.0,H,1,2,2,2020,Premier League 2019 
2020-01-21,Aston Villa,Watford,2,1,16.0,8.0,5.0,2.0,6.0,3.0,H,1,1,3,2020,Premier League 2019 
2020-01-21,Bournemouth,Brighton,3,1,11.0,21.0,3.0,8.0,5.0,8.0,H,1,2,4,2020,Premier League 2019 
2020-01-21,Crystal Palace,Southampton,0,2,6.0,15.0,0.0,6.0,0.0,8.0,A,2,-2,2,2020,Premier League 2019 
2020-01-21,Everton,Newcastle,2,2,17.0,8.0,8.0,2.0,6.0,4.0,D,0,0,4,2020,Premier League 2019 
2020-01-21,Sheffield United,Man City,0,1,4.0,18.0,1.0,5.0,5.0,13.0,A,2,-1,1,2020,Premier League 2019 
2020-01-21,Chelsea,Arsenal,2,2,19.0,2.0,8.0,2.0,17.0,5.0,D,0,0,4,2020,Premier League 2019 
2020-01-22,Leicester,West Ham,4,1,19.0,6.0,8.0,2.0,7.0,8.0,H,1,3,5,2020,Premier League 2019 
2020-01-22,Tottenham,Norwich,2,1,14.0,12.0,3.0,2.0,7.0,3.0,H,1,1,3,2020,Premier League 2019 
2020-01-22,Man United,Burnley,0,2,24.0,5.0,7.0,2.0,5.0,2.0,A,2,-2,2,2020,Premier League 2019 
2020-01-23,Wolves,Liverpool,1,2,10.0,13.0,3.0,6.0,2.0,4.0,A,2,-1,3,2020,Premier League 2019 
2020-01-29,West Ham,Liverpool,0,2,7.0,13.0,4.0,5.0,3.0,7.0,A,2,-2,2,2020,Premier League 2019 
2020-02-01,Leicester,Chelsea,2,2,14.0,7.0,4.0,3.0,4.0,6.0,D,0,0,4,2020,Premier League 2019 
2020-02-01,Bournemouth,Aston Villa,2,1,16.0,18.0,6.0,5.0,1.0,8.0,H,1,1,3,2020,Premier League 2019 
2020-02-01,Crystal Palace,Sheffield United,0,1,13.0,10.0,3.0,3.0,9.0,5.0,A,2,-1,1,2020,Premier League 2019 
2020-02-01,Liverpool,Southampton,4,0,16.0,17.0,9.0,4.0,6.0,11.0,H,1,4,4,2020,Premier League 2019 
2020-02-01,Newcastle,Norwich,0,0,15.0,19.0,5.0,4.0,8.0,12.0,D,0,0,0,2020,Premier League 2019 
2020-02-01,Watford,Everton,2,3,11.0,12.0,2.0,5.0,4.0,4.0,A,2,-1,5,2020,Premier League 2019 
2020-02-01,West Ham,Brighton,3,3,12.0,19.0,6.0,6.0,4.0,6.0,D,0,0,6,2020,Premier League 2019 
2020-02-01,Man United,Wolves,0,0,15.0,14.0,5.0,3.0,4.0,6.0,D,0,0,0,2020,Premier League 2019 
2020-02-02,Burnley,Arsenal,0,0,15.0,13.0,2.0,2.0,5.0,7.0,D,0,0,0,2020,Premier League 2019 
2020-02-02,Tottenham,Man City,2,0,3.0,18.0,3.0,5.0,2.0,6.0,H,1,2,2,2020,Premier League 2019 
2020-02-08,Everton,Crystal Palace,3,1,14.0,10.0,8.0,2.0,4.0,6.0,H,1,2,4,2020,Premier League 2019 
2020-02-08,Brighton,Watford,1,1,10.0,5.0,2.0,2.0,3.0,2.0,D,0,0,2,2020,Premier League 2019 
2020-02-09,Sheffield United,Bournemouth,2,1,16.0,10.0,6.0,2.0,8.0,4.0,H,1,1,3,2020,Premier League 2019 
2020-02-14,Wolves,Leicester,0,0,15.0,9.0,3.0,3.0,7.0,0.0,D,0,0,0,2020,Premier League 2019 
2020-02-15,Southampton,Burnley,1,2,10.0,9.0,2.0,6.0,4.0,3.0,A,2,-1,3,2020,Premier League 2019 
2020-02-15,Norwich,Liverpool,0,1,5.0,17.0,1.0,6.0,2.0,7.0,A,2,-1,1,2020,Premier League 2019 
2020-02-16,Aston Villa,Tottenham,2,3,18.0,23.0,4.0,10.0,12.0,7.0,A,2,-1,5,2020,Premier League 2019 
2020-02-16,Arsenal,Newcastle,4,0,15.0,10.0,7.0,2.0,5.0,6.0,H,1,4,4,2020,Premier League 2019 
2020-02-17,Chelsea,Man United,0,2,17.0,9.0,1.0,3.0,9.0,8.0,A,2,-2,2,2020,Premier League 2019 
2020-02-19,Man City,West Ham,2,0,20.0,3.0,7.0,0.0,6.0,1.0,H,1,2,2,2020,Premier League 2019 
2020-02-22,Chelsea,Tottenham,2,1,17.0,5.0,7.0,3.0,3.0,5.0,H,1,1,3,2020,Premier League 2019 
2020-02-22,Burnley,Bournemouth,3,0,16.0,12.0,10.0,4.0,7.0,3.0,H,1,3,3,2020,Premier League 2019 
2020-02-22,Crystal Palace,Newcastle,1,0,18.0,8.0,9.0,2.0,7.0,5.0,H,1,1,1,2020,Premier League 2019 
2020-02-22,Sheffield United,Brighton,1,1,14.0,8.0,3.0,2.0,12.0,2.0,D,0,0,2,2020,Premier League 2019 
2020-02-22,Southampton,Aston Villa,2,0,28.0,4.0,9.0,1.0,9.0,6.0,H,1,2,2,2020,Premier League 2019 
2020-02-22,Leicester,Man City,0,1,10.0,18.0,3.0,7.0,3.0,7.0,A,2,-1,1,2020,Premier League 2019 
2020-02-23,Man United,Watford,3,0,21.0,7.0,9.0,2.0,3.0,5.0,H,1,3,3,2020,Premier League 2019 
2020-02-23,Wolves,Norwich,3,0,19.0,6.0,6.0,4.0,4.0,1.0,H,1,3,3,2020,Premier League 2019 
2020-02-23,Arsenal,Everton,3,2,9.0,17.0,4.0,5.0,6.0,3.0,H,1,1,5,2020,Premier League 2019 
2020-02-24,Liverpool,West Ham,3,2,25.0,7.0,7.0,4.0,16.0,8.0,H,1,1,5,2020,Premier League 2019 
2020-02-28,Norwich,Leicester,1,0,11.0,19.0,6.0,4.0,6.0,7.0,H,1,1,1,2020,Premier League 2019 
2020-02-29,Brighton,Crystal Palace,0,1,24.0,12.0,8.0,3.0,8.0,7.0,A,2,-1,1,2020,Premier League 2019 
2020-02-29,Bournemouth,Chelsea,2,2,9.0,23.0,5.0,6.0,4.0,14.0,D,0,0,4,2020,Premier League 2019 
2020-02-29,Newcastle,Burnley,0,0,21.0,8.0,4.0,1.0,11.0,7.0,D,0,0,0,2020,Premier League 2019 
2020-02-29,West Ham,Southampton,3,1,14.0,10.0,7.0,2.0,4.0,9.0,H,1,2,4,2020,Premier League 2019 
2020-02-29,Watford,Liverpool,3,0,14.0,7.0,5.0,1.0,3.0,5.0,H,1,3,3,2020,Premier League 2019 
2020-03-01,Everton,Man United,1,1,16.0,14.0,5.0,5.0,13.0,8.0,D,0,0,2,2020,Premier League 2019 
2020-03-01,Tottenham,Wolves,2,3,13.0,14.0,5.0,4.0,4.0,5.0,A,2,-1,5,2020,Premier League 2019 
2020-03-07,Liverpool,Bournemouth,2,1,14.0,6.0,6.0,4.0,9.0,4.0,H,1,1,3,2020,Premier League 2019 
2020-03-07,Arsenal,West Ham,1,0,9.0,14.0,2.0,6.0,6.0,7.0,H,1,1,1,2020,Premier League 2019 
2020-03-07,Crystal Palace,Watford,1,0,10.0,10.0,3.0,4.0,8.0,8.0,H,1,1,1,2020,Premier League 2019 
2020-03-07,Sheffield United,Norwich,1,0,10.0,12.0,4.0,5.0,10.0,5.0,H,1,1,1,2020,Premier League 2019 
2020-03-07,Southampton,Newcastle,0,1,6.0,14.0,3.0,7.0,5.0,8.0,A,2,-1,1,2020,Premier League 2019 
2020-03-07,Wolves,Brighton,0,0,11.0,7.0,1.0,1.0,2.0,0.0,D,0,0,0,2020,Premier League 2019 
2020-03-07,Burnley,Tottenham,1,1,21.0,13.0,8.0,2.0,3.0,5.0,D,0,0,2,2020,Premier League 2019 
2020-03-08,Chelsea,Everton,4,0,17.0,3.0,11.0,1.0,6.0,1.0,H,1,4,4,2020,Premier League 2019 
2020-03-08,Man United,Man City,2,0,12.0,7.0,6.0,2.0,2.0,11.0,H,1,2,2,2020,Premier League 2019 
2020-03-09,Leicester,Aston Villa,4,0,15.0,4.0,7.0,1.0,9.0,0.0,H,1,4,4,2020,Premier League 2019 
2020-06-17,Aston Villa,Sheffield United,0,0,14.0,5.0,6.0,1.0,12.0,4.0,D,0,0,0,2020,Premier League 2019 
2020-06-17,Man City,Arsenal,3,0,20.0,3.0,12.0,0.0,5.0,2.0,H,1,3,3,2020,Premier League 2019 
2020-06-19,Norwich,Southampton,0,3,9.0,22.0,1.0,9.0,9.0,7.0,A,2,-3,3,2020,Premier League 2019 
2020-06-19,Tottenham,Man United,1,1,10.0,12.0,3.0,6.0,7.0,6.0,D,0,0,2,2020,Premier League 2019 
2020-06-20,Watford,Leicester,1,1,8.0,15.0,4.0,2.0,2.0,7.0,D,0,0,2,2020,Premier League 2019 
2020-06-20,Brighton,Arsenal,2,1,9.0,13.0,5.0,6.0,10.0,7.0,H,1,1,3,2020,Premier League 2019 
2020-06-20,West Ham,Wolves,0,2,7.0,10.0,2.0,6.0,5.0,7.0,A,2,-2,2,2020,Premier League 2019 
2020-06-20,Bournemouth,Crystal Palace,0,2,12.0,7.0,1.0,2.0,11.0,4.0,A,2,-2,2,2020,Premier League 2019 
2020-06-21,Newcastle,Sheffield United,3,0,12.0,7.0,8.0,1.0,2.0,4.0,H,1,3,3,2020,Premier League 2019 
2020-06-21,Aston Villa,Chelsea,1,2,8.0,19.0,4.0,5.0,2.0,10.0,A,2,-1,3,2020,Premier League 2019 
2020-06-21,Everton,Liverpool,0,0,9.0,10.0,3.0,3.0,1.0,6.0,D,0,0,0,2020,Premier League 2019 
2020-06-22,Man City,Burnley,5,0,19.0,1.0,7.0,0.0,3.0,1.0,H,1,5,5,2020,Premier League 2019 
2020-06-23,Leicester,Brighton,0,0,11.0,10.0,2.0,2.0,6.0,7.0,D,0,0,0,2020,Premier League 2019 
2020-06-23,Tottenham,West Ham,2,0,15.0,10.0,4.0,2.0,9.0,4.0,H,1,2,2,2020,Premier League 2019 
2020-06-24,Man United,Sheffield United,3,0,15.0,4.0,6.0,1.0,10.0,5.0,H,1,3,3,2020,Premier League 2019 
2020-06-24,Newcastle,Aston Villa,1,1,13.0,14.0,3.0,2.0,6.0,9.0,D,0,0,2,2020,Premier League 2019 
2020-06-24,Norwich,Everton,0,1,9.0,12.0,1.0,5.0,6.0,5.0,A,2,-1,1,2020,Premier League 2019 
2020-06-24,Wolves,Bournemouth,1,0,10.0,4.0,2.0,0.0,6.0,4.0,H,1,1,1,2020,Premier League 2019 
2020-06-24,Liverpool,Crystal Palace,4,0,21.0,3.0,7.0,0.0,6.0,0.0,H,1,4,4,2020,Premier League 2019 
2020-06-25,Burnley,Watford,1,0,9.0,10.0,5.0,4.0,1.0,7.0,H,1,1,1,2020,Premier League 2019 
2020-06-25,Southampton,Arsenal,0,2,12.0,10.0,3.0,5.0,4.0,6.0,A,2,-2,2,2020,Premier League 2019 
2020-06-25,Chelsea,Man City,2,1,15.0,11.0,10.0,2.0,5.0,7.0,H,1,1,3,2020,Premier League 2019 
2020-06-27,Aston Villa,Wolves,0,1,11.0,9.0,1.0,2.0,2.0,2.0,A,2,-1,1,2020,Premier League 2019 
2020-06-28,Watford,Southampton,1,3,8.0,11.0,0.0,7.0,5.0,3.0,A,2,-2,4,2020,Premier League 2019 
2020-06-29,Crystal Palace,Burnley,0,1,17.0,8.0,4.0,4.0,9.0,1.0,A,2,-1,1,2020,Premier League 2019 
2020-06-30,Brighton,Man United,0,3,8.0,12.0,2.0,6.0,4.0,5.0,A,2,-3,3,2020,Premier League 2019 
2020-07-01,Arsenal,Norwich,4,0,13.0,8.0,8.0,2.0,6.0,2.0,H,1,4,4,2020,Premier League 2019 
2020-07-01,Bournemouth,Newcastle,1,4,12.0,12.0,1.0,7.0,6.0,3.0,A,2,-3,5,2020,Premier League 2019 
2020-07-01,Everton,Leicester,2,1,7.0,15.0,2.0,3.0,3.0,5.0,H,1,1,3,2020,Premier League 2019 
2020-07-01,West Ham,Chelsea,3,2,10.0,17.0,4.0,6.0,2.0,3.0,H,1,1,5,2020,Premier League 2019 
2020-07-02,Sheffield United,Tottenham,3,1,7.0,9.0,5.0,2.0,1.0,6.0,H,1,2,4,2020,Premier League 2019 
2020-07-02,Man City,Liverpool,4,0,14.0,11.0,6.0,3.0,3.0,3.0,H,1,4,4,2020,Premier League 2019 
2020-07-04,Norwich,Brighton,0,1,12.0,8.0,1.0,2.0,0.0,2.0,A,2,-1,1,2020,Premier League 2019 
2020-07-04,Leicester,Crystal Palace,3,0,15.0,7.0,4.0,1.0,3.0,7.0,H,1,3,3,2020,Premier League 2019 
2020-07-04,Man United,Bournemouth,5,2,19.0,7.0,10.0,3.0,8.0,3.0,H,1,3,7,2020,Premier League 2019 
2020-07-04,Wolves,Arsenal,0,2,10.0,8.0,1.0,5.0,3.0,5.0,A,2,-2,2,2020,Premier League 2019 
2020-07-04,Chelsea,Watford,3,0,21.0,7.0,9.0,3.0,5.0,3.0,H,1,3,3,2020,Premier League 2019 
2020-07-05,Burnley,Sheffield United,1,1,9.0,10.0,4.0,3.0,3.0,9.0,D,0,0,2,2020,Premier League 2019 
2020-07-05,Newcastle,West Ham,2,2,11.0,17.0,4.0,7.0,6.0,4.0,D,0,0,4,2020,Premier League 2019 
2020-07-05,Liverpool,Aston Villa,2,0,6.0,9.0,4.0,3.0,7.0,5.0,H,1,2,2,2020,Premier League 2019 
2020-07-05,Southampton,Man City,1,0,8.0,26.0,4.0,6.0,2.0,13.0,H,1,1,1,2020,Premier League 2019 
2020-07-06,Tottenham,Everton,1,0,12.0,11.0,2.0,3.0,5.0,6.0,H,1,1,1,2020,Premier League 2019 
2020-07-07,Crystal Palace,Chelsea,2,3,13.0,14.0,4.0,6.0,7.0,9.0,A,2,-1,5,2020,Premier League 2019 
2020-07-07,Watford,Norwich,2,1,9.0,12.0,4.0,3.0,4.0,3.0,H,1,1,3,2020,Premier League 2019 
2020-07-07,Arsenal,Leicester,1,1,11.0,13.0,7.0,5.0,10.0,1.0,D,0,0,2,2020,Premier League 2019 
2020-07-08,Man City,Newcastle,5,0,23.0,6.0,9.0,1.0,8.0,1.0,H,1,5,5,2020,Premier League 2019 
2020-07-08,Sheffield United,Wolves,1,0,7.0,6.0,3.0,1.0,6.0,1.0,H,1,1,1,2020,Premier League 2019 
2020-07-08,West Ham,Burnley,0,1,21.0,8.0,5.0,4.0,10.0,3.0,A,2,-1,1,2020,Premier League 2019 
2020-07-08,Brighton,Liverpool,1,3,12.0,19.0,2.0,8.0,6.0,10.0,A,2,-2,4,2020,Premier League 2019 
2020-07-09,Bournemouth,Tottenham,0,0,9.0,9.0,2.0,0.0,8.0,12.0,D,0,0,0,2020,Premier League 2019 
2020-07-09,Everton,Southampton,1,1,11.0,17.0,4.0,4.0,3.0,5.0,D,0,0,2,2020,Premier League 2019 
2020-07-09,Aston Villa,Man United,0,3,9.0,14.0,1.0,6.0,3.0,5.0,A,2,-3,3,2020,Premier League 2019 
2020-07-11,Norwich,West Ham,0,4,11.0,19.0,2.0,7.0,1.0,6.0,A,2,-4,4,2020,Premier League 2019 
2020-07-11,Watford,Newcastle,2,1,17.0,8.0,5.0,4.0,2.0,4.0,H,1,1,3,2020,Premier League 2019 
2020-07-11,Liverpool,Burnley,1,1,23.0,6.0,9.0,2.0,12.0,6.0,D,0,0,2,2020,Premier League 2019 
2020-07-11,Sheffield United,Chelsea,3,0,9.0,15.0,4.0,4.0,4.0,6.0,H,1,3,3,2020,Premier League 2019 
2020-07-11,Brighton,Man City,0,5,3.0,26.0,0.0,8.0,2.0,7.0,A,2,-5,5,2020,Premier League 2019 
2020-07-12,Wolves,Everton,3,0,14.0,6.0,7.0,2.0,5.0,2.0,H,1,3,3,2020,Premier League 2019 
2020-07-12,Aston Villa,Crystal Palace,2,0,12.0,9.0,9.0,5.0,5.0,1.0,H,1,2,2,2020,Premier League 2019 
2020-07-12,Tottenham,Arsenal,2,1,15.0,13.0,9.0,4.0,6.0,5.0,H,1,1,3,2020,Premier League 2019 
2020-07-12,Bournemouth,Leicester,4,1,10.0,13.0,4.0,5.0,2.0,6.0,H,1,3,5,2020,Premier League 2019 
2020-07-13,Man United,Southampton,2,2,8.0,9.0,4.0,5.0,4.0,6.0,D,0,0,4,2020,Premier League 2019 
2020-07-14,Chelsea,Norwich,1,0,22.0,2.0,6.0,0.0,8.0,1.0,H,1,1,1,2020,Premier League 2019 
2020-07-15,Burnley,Wolves,1,1,9.0,14.0,1.0,5.0,3.0,8.0,D,0,0,2,2020,Premier League 2019 
2020-07-15,Man City,Bournemouth,2,1,8.0,15.0,4.0,3.0,3.0,5.0,H,1,1,3,2020,Premier League 2019 
2020-07-15,Newcastle,Tottenham,1,3,22.0,8.0,6.0,5.0,5.0,4.0,A,2,-2,4,2020,Premier League 2019 
2020-07-15,Arsenal,Liverpool,2,1,3.0,24.0,2.0,8.0,2.0,13.0,H,1,1,3,2020,Premier League 2019 
2020-07-16,Everton,Aston Villa,1,1,9.0,15.0,1.0,1.0,5.0,5.0,D,0,0,2,2020,Premier League 2019 
2020-07-16,Leicester,Sheffield United,2,0,15.0,5.0,7.0,1.0,9.0,5.0,H,1,2,2,2020,Premier League 2019 
2020-07-16,Crystal Palace,Man United,0,2,13.0,17.0,5.0,5.0,2.0,7.0,A,2,-2,2,2020,Premier League 2019 
2020-07-16,Southampton,Brighton,1,1,21.0,10.0,6.0,2.0,8.0,2.0,D,0,0,2,2020,Premier League 2019 
2020-07-17,West Ham,Watford,3,1,10.0,14.0,4.0,3.0,9.0,3.0,H,1,2,4,2020,Premier League 2019 
2020-07-18,Norwich,Burnley,0,2,6.0,23.0,2.0,8.0,6.0,8.0,A,2,-2,2,2020,Premier League 2019 
2020-07-19,Bournemouth,Southampton,0,2,11.0,16.0,3.0,8.0,12.0,6.0,A,2,-2,2,2020,Premier League 2019 
2020-07-19,Tottenham,Leicester,3,0,7.0,24.0,3.0,6.0,4.0,13.0,H,1,3,3,2020,Premier League 2019 
2020-07-20,Brighton,Newcastle,0,0,11.0,12.0,3.0,1.0,9.0,7.0,D,0,0,0,2020,Premier League 2019 
2020-07-20,Sheffield United,Everton,0,1,8.0,5.0,0.0,2.0,7.0,1.0,A,2,-1,1,2020,Premier League 2019 
2020-07-20,Wolves,Crystal Palace,2,0,11.0,7.0,5.0,3.0,5.0,2.0,H,1,2,2,2020,Premier League 2019 
2020-07-21,Watford,Man City,0,4,2.0,26.0,0.0,10.0,0.0,8.0,A,2,-4,4,2020,Premier League 2019 
2020-07-21,Aston Villa,Arsenal,1,0,8.0,7.0,3.0,0.0,8.0,9.0,H,1,1,1,2020,Premier League 2019 
2020-07-22,Man United,West Ham,1,1,11.0,12.0,4.0,3.0,2.0,3.0,D,0,0,2,2020,Premier League 2019 
2020-07-22,Liverpool,Chelsea,5,3,10.0,10.0,7.0,5.0,6.0,0.0,H,1,2,8,2020,Premier League 2019 
2020-07-26,Arsenal,Watford,3,2,13.0,19.0,5.0,6.0,4.0,8.0,H,1,1,5,2020,Premier League 2019 
2020-07-26,Burnley,Brighton,1,2,13.0,14.0,2.0,4.0,6.0,7.0,A,2,-1,3,2020,Premier League 2019 
2020-07-26,Chelsea,Wolves,2,0,11.0,5.0,3.0,1.0,3.0,3.0,H,1,2,2,2020,Premier League 2019 
2020-07-26,Crystal Palace,Tottenham,1,1,13.0,7.0,2.0,2.0,7.0,2.0,D,0,0,2,2020,Premier League 2019 
2020-07-26,Everton,Bournemouth,1,3,13.0,13.0,5.0,7.0,2.0,5.0,A,2,-2,4,2020,Premier League 2019 
2020-07-26,Leicester,Man United,0,2,14.0,7.0,3.0,3.0,3.0,3.0,A,2,-2,2,2020,Premier League 2019 
2020-07-26,Man City,Norwich,5,0,31.0,5.0,10.0,4.0,9.0,0.0,H,1,5,5,2020,Premier League 2019 
2020-07-26,Newcastle,Liverpool,1,3,3.0,14.0,2.0,6.0,2.0,4.0,A,2,-2,4,2020,Premier League 2019 
2020-07-26,Southampton,Sheffield United,3,1,13.0,5.0,4.0,3.0,9.0,1.0,H,1,2,4,2020,Premier League 2019 
2020-07-26,West Ham,Aston Villa,1,1,10.0,13.0,1.0,4.0,0.0,7.0,D,0,0,2,2020,Premier League 2019 
